Team,Name,Pos,BV,13_Pts,14_Pts,15_Pts,16_Pts,17_Pts,18_Pts,19_Pts,20_Pts,21_Pts,22_Pts,23_Pts,total_pts,ID,SV
MCI,Haaland,F,13.0,7.46,6.03,8.24,5.81,7.63,6.25,7.43,6.01,6.44,5.91,6.98,74.19,1677501,13.0
MUN,B.Fernandes,M,8.4,4.93,6.06,5.31,5.25,4.88,5.26,5.93,5.17,5.86,4.68,3.73,57.06,160701,8.4
ARS,Saka,M,10.0,4.85,5.9,4.92,5.67,4.65,5.11,5.14,4.57,4.63,4.73,5.17,55.34,106430,10.0
CHE,Palmer,M,11.0,2.17,4.5,4.62,5.75,5.07,5.8,5.83,4.57,5.1,5.99,4.99,54.39,242906,11.0
MCI,Foden,M,9.0,5.36,4.38,5.68,4.19,5.22,4.39,5.03,4.21,4.7,4.33,5.13,52.63,55898,9.0
CRY,Mateta,F,7.0,4.8,5.18,4.22,4.06,4.96,5.46,4.96,4.26,4.83,5.14,4.12,52.0,201968,7.0
LIV,Isak,F,10.5,4.83,5.57,4.47,4.37,4.87,5.51,5.41,4.19,3.14,5.4,3.96,51.74,2200000,10.5
WHU,Bowen,M,8.0,4.56,4.54,4.35,4.77,3.79,4.64,4.58,4.63,4.81,4.56,5.59,50.83,161049,8.0
BOU,Semenyo,M,7.1,4.92,5.15,4.72,4.61,5.79,4.55,3.95,3.58,5.07,4.23,4.24,50.81,2930166,7.1
BRE,Thiago,F,5.5,5.64,3.35,4.48,4.82,4.56,4.54,4.81,4.11,5.57,3.78,4.66,50.33,3879507,5.5
ARS,Raya,G,6.0,4.02,4.71,4.18,4.98,4.29,4.52,4.52,4.12,4.18,4.33,4.42,48.28,192208,6.0
MCI,Donnarumma,G,6.0,4.67,3.99,4.64,3.73,4.51,4.05,4.23,4.02,4.24,3.65,4.7,46.42,4387247,6.0
ARS,J.Timber,D,6.1,3.56,4.66,4.03,5.11,4.13,4.23,4.34,3.74,3.66,4.21,4.26,45.95,3627958,6.1
LIV,M.Salah,M,13.5,6.97,8.35,6.45,6.51,0.0,0.0,0.0,3.27,2.08,6.66,5.62,45.9,45106,13.5
LIV,Szoboszlai,M,6.0,4.62,4.61,4.07,3.86,4.04,4.44,4.56,3.74,3.04,4.94,3.78,45.7,3590555,6.0
BRE,Schade,M,6.0,5.19,2.81,3.69,4.25,4.14,4.11,4.57,3.68,5.14,3.47,4.22,45.29,2833740,6.0
NEW,Woltemade,F,7.0,3.91,4.55,5.11,4.3,3.71,3.79,4.48,3.8,4.15,3.72,3.54,45.05,4386446,7.0
LIV,Gakpo,M,7.6,4.5,4.99,3.77,3.72,4.13,4.64,4.51,3.61,2.6,4.53,3.35,44.37,2818755,7.6
CHE,Enzo,M,7.1,3.71,4.27,3.93,4.3,3.79,4.22,4.19,3.38,3.93,4.49,3.82,44.04,2930183,7.1
CRY,Muñoz,D,5.5,4.31,4.47,3.45,2.93,4.08,4.36,4.36,3.18,4.18,4.68,3.44,43.44,3762190,5.5
AVL,Watkins,F,9.5,4.57,3.95,3.3,4.32,4.46,3.58,3.07,4.42,3.78,4.23,3.72,43.4,183114,9.5
LIV,A.Becker,G,6.0,4.02,4.47,3.94,3.99,3.6,4.38,4.23,3.65,3.06,4.48,3.55,43.36,90826,6.0
BHA,Welbeck,F,5.9,4.21,4.13,4.61,3.35,4.96,2.75,3.95,4.73,3.03,3.89,3.52,43.13,23331,5.9
ARS,Rice,M,6.5,3.77,4.33,3.79,4.3,3.71,3.89,3.89,3.63,3.67,3.72,3.98,42.69,32973,6.5
BRE,Kelleher,G,4.5,4.56,3.09,3.51,4.27,3.87,3.97,3.98,3.52,4.24,3.24,4.13,42.4,140028,4.5
NEW,Bruno G.,M,6.0,3.73,4.2,4.47,4.02,3.44,3.4,3.9,3.54,4.1,3.77,3.71,42.28,283020,6.0
MCI,Gvardiol,D,6.5,4.53,3.57,4.7,3.11,4.36,3.58,4.1,3.18,3.64,3.05,4.33,42.15,3634364,6.5
NFO,Gibbs-White,M,7.0,3.82,4.22,3.93,4.35,3.72,3.51,3.95,3.61,4.01,3.08,3.81,42.02,88531,7.0
TOT,Kudus,M,7.5,4.29,3.64,4.16,3.67,3.44,3.32,3.48,4.43,3.38,4.17,4.03,42.0,3649502,7.5
EVE,Pickford,G,5.6,3.85,3.52,4.15,3.25,3.49,4.03,3.68,3.99,4.34,3.38,4.27,41.94,23433,5.6
LIV,Virgil,D,6.0,3.84,4.77,3.74,3.56,3.45,4.61,4.43,3.4,2.28,4.82,3.03,41.92,23238,6.0
NEW,Gordon,M,7.4,2.72,3.91,4.84,4.19,3.46,3.46,4.24,3.66,4.07,3.64,3.58,41.76,242870,7.4
NEW,Pope,G,5.5,3.57,3.97,4.44,3.73,3.7,3.25,3.92,3.71,4.02,3.76,3.66,41.74,24087,5.5
CRY,Henderson,G,5.0,3.88,4.16,3.64,3.48,3.86,4.01,4.06,3.25,3.86,3.84,3.68,41.72,137863,5.0
BOU,Tavernier,M,5.5,4.46,4.04,3.6,3.62,4.67,3.69,3.27,2.98,4.08,3.46,3.38,41.25,1954998,5.5
FUL,Leno,G,4.5,3.59,3.51,3.9,4.06,4.12,3.7,3.35,3.51,3.7,3.78,3.9,41.13,88472,4.5
BOU,Evanilson,F,6.5,4.67,4.04,3.68,3.62,4.72,3.64,3.17,2.84,4.06,3.34,3.33,41.09,3925510,6.5
CHE,Sánchez,G,5.5,3.67,3.97,3.57,4.13,3.41,4.0,4.02,3.05,3.66,4.11,3.47,41.05,192988,5.5
BOU,Petrović,G,5.0,3.88,4.09,3.79,3.37,4.5,3.55,3.27,3.53,3.97,3.43,3.61,41.0,3648390,5.0
ARS,Eze,M,7.5,3.81,4.35,3.62,4.23,3.45,3.75,3.72,3.41,3.3,3.53,3.77,40.94,180321,7.5
ARS,Saliba,D,6.0,3.16,4.15,3.59,4.57,3.74,3.78,3.88,3.36,3.21,3.66,3.75,40.86,1677493,6.0
CHE,João Pedro,F,7.6,3.34,4.05,3.63,4.02,3.55,3.92,3.86,3.12,3.61,4.13,3.52,40.75,164449,7.6
ARS,Calafiori,D,5.7,3.33,4.42,3.64,4.54,3.7,3.7,3.7,3.23,3.14,3.53,3.68,40.61,3907046,5.7
WHU,L.Paquetá,M,5.5,3.64,3.56,3.4,3.74,3.07,3.78,3.71,3.76,3.8,3.57,4.46,40.49,2235927,5.5
ARS,Ødegaard,M,7.0,2.04,4.1,3.59,4.27,3.62,3.98,3.84,3.55,3.59,3.66,4.02,40.26,201990,7.0
BHA,Minteh,M,6.0,3.83,3.88,4.28,3.16,4.47,2.57,3.76,4.42,2.96,3.59,3.32,40.24,3879494,6.0
AVL,Martinez,G,5.0,4.45,3.49,3.51,3.74,3.85,3.27,3.03,4.13,3.41,4.06,3.3,40.23,131313,5.0
WOL,Strand Larsen,F,6.5,3.57,4.0,3.9,2.74,4.22,3.32,3.69,4.31,3.58,3.68,2.93,39.95,3893792,6.5
NFO,Sels,G,5.5,3.89,3.88,3.52,3.94,3.52,3.41,3.94,3.32,3.62,3.44,3.45,39.92,3763426,5.5
AVL,Rogers,M,7.5,4.46,3.67,3.12,3.96,3.97,3.25,2.75,3.9,3.46,3.83,3.45,39.82,3762913,7.5
MUN,Lammens,G,4.5,3.26,4.1,3.8,3.77,3.25,3.57,4.22,3.67,3.95,3.26,2.83,39.67,4386967,4.5
TOT,Vicario,G,5.0,3.94,3.09,3.86,3.53,3.4,3.22,3.31,4.11,3.25,4.02,3.9,39.63,3584409,5.0
MCI,Matheus N.,D,6.0,4.26,3.33,4.44,2.86,4.05,3.33,3.87,2.95,3.38,2.85,4.12,39.44,2139824,6.0
BHA,Verbruggen,G,4.5,3.56,3.74,4.04,2.88,4.18,2.83,3.55,4.35,2.78,3.78,3.42,39.1,3591888,4.5
MUN,Cunha,F,8.0,0.0,4.55,4.06,3.96,3.79,4.04,4.51,3.96,4.21,3.33,2.65,39.05,3627793,8.0
MCI,Rúben,D,6.0,4.2,3.28,4.32,2.85,4.01,3.31,3.86,3.0,3.33,2.81,4.03,39.01,186737,6.0
WHU,Areola,G,4.5,3.53,3.21,3.27,3.67,2.93,3.81,3.69,3.67,3.9,3.25,3.98,38.91,183126,4.5
LIV,Wirtz,M,9.0,1.99,3.13,3.5,3.74,3.95,4.55,4.47,3.43,2.48,4.42,3.21,38.86,4293356,9.0
NEW,Tonali,M,5.5,3.37,3.74,4.0,3.71,3.23,3.29,3.72,3.34,3.68,3.4,3.35,38.83,3591232,5.5
EVE,Dewsbury-Hall,M,5.0,3.58,3.37,3.72,3.14,3.03,3.9,3.43,3.69,3.85,3.27,3.8,38.77,242878,5.0
EVE,Grealish,M,6.0,3.7,3.4,3.7,2.97,2.79,3.75,3.33,3.58,3.92,3.28,3.89,38.31,131338,6.0
AVL,Tielemans,M,6.0,4.19,3.45,3.05,3.75,3.74,3.18,2.85,3.74,3.31,3.7,3.28,38.25,110910,6.0
SUN,Roefs,G,4.5,3.88,3.07,2.97,3.61,3.27,4.11,3.43,3.34,3.34,3.75,3.47,38.24,4338689,4.5
MCI,Bernardo,M,6.0,3.98,3.38,4.06,2.97,3.64,3.21,3.62,2.99,3.34,3.1,3.61,37.91,45081,6.0
LIV,Mac Allister,M,6.0,3.71,4.19,3.56,3.4,3.46,3.77,3.71,3.13,2.34,3.75,2.87,37.89,163914,6.0
FUL,Raúl,F,6.0,4.15,3.69,3.99,4.53,4.36,4.14,3.17,2.8,2.32,1.99,2.01,37.17,88528,6.0
ARS,Gyökeres,F,9.0,0.0,2.38,2.59,5.03,4.15,4.21,3.95,3.65,3.62,3.73,3.82,37.14,4329253,9.0
CHE,Neto,M,7.0,3.02,3.69,3.25,3.68,3.11,3.57,3.57,2.87,3.28,3.76,3.18,36.97,139207,7.0
LIV,Ekitiké,F,8.5,2.3,3.36,3.25,3.24,3.65,4.11,4.07,3.15,2.35,4.01,2.98,36.47,4322253,8.5
NEW,Livramento,D,5.0,3.17,3.47,4.46,3.64,2.71,2.53,3.68,2.91,3.52,3.14,2.97,36.21,237976,5.0
WOL,Johnstone,G,4.5,3.17,3.84,3.54,2.83,3.7,2.84,3.02,3.8,3.19,3.4,2.81,36.15,1758328,4.5
ARS,Zubimendi,M,5.0,3.21,3.56,3.27,3.56,3.2,3.28,3.26,3.08,3.11,3.17,3.38,36.09,4297973,5.0
CRY,Guéhi,D,5.0,3.31,4.19,3.04,2.41,3.49,3.58,3.61,2.54,3.4,3.79,2.73,36.08,231961,5.0
TOT,Xavi,M,6.5,3.78,3.15,3.83,3.3,3.06,2.7,2.86,3.75,2.71,3.47,3.4,36.01,4381238,6.5
BRE,Damsgaard,M,6.0,4.02,2.41,3.18,3.58,3.28,3.23,3.52,2.99,3.79,2.67,3.31,35.99,2064482,6.0
BRE,Van den Berg,D,4.5,4.62,1.79,2.79,3.87,3.45,3.17,3.38,2.97,4.2,2.03,3.54,35.8,3879483,4.5
NEW,Thiaw,D,5.0,3.09,3.35,4.24,3.52,2.58,2.46,3.71,2.92,3.6,3.22,3.02,35.7,4352112,5.0
CRY,Lacroix,D,4.5,3.29,4.09,3.04,2.43,3.45,3.54,3.56,2.51,3.35,3.68,2.73,35.66,3947465,4.5
TOT,Pedro Porro,D,5.5,3.66,2.57,3.64,3.14,2.48,2.56,2.8,4.33,2.61,3.97,3.89,35.66,2930177,5.5
CRY,Mitchell,D,5.0,3.34,4.1,3.03,2.43,3.42,3.48,3.51,2.54,3.37,3.7,2.74,35.65,174861,5.0
MCI,Doku,M,7.5,3.55,2.92,3.67,2.77,3.66,3.13,3.55,2.94,3.04,2.83,3.31,35.37,3647914,7.5
LEE,Perri,G,4.5,2.67,3.38,3.19,3.15,3.49,3.49,2.67,3.4,2.88,3.68,3.23,35.24,4329252,4.5
MCI,O’Reilly,M,5.5,3.52,2.82,3.41,2.65,3.68,3.29,3.63,2.96,3.17,2.88,3.17,35.18,4057260,5.5
NEW,Barnes,M,6.5,3.48,3.89,3.73,3.23,3.09,3.06,3.35,2.77,3.21,2.76,2.62,35.18,45039,6.5
LIV,Konaté,D,5.5,3.33,4.1,3.24,3.05,2.74,3.77,3.61,2.82,1.88,4.06,2.58,35.17,225319,5.5
LIV,Gravenberch,M,5.0,3.42,3.74,3.25,3.14,3.13,3.27,3.32,2.89,2.5,3.48,2.94,35.09,3652436,5.0
LIV,Robertson,D,5.5,3.24,4.07,3.21,3.08,2.78,3.71,3.68,2.75,1.73,3.86,2.48,34.6,45120,5.5
BUR,Dúbravka,G,5.0,3.02,3.41,2.79,3.51,3.0,3.46,3.21,2.89,3.25,2.67,3.37,34.58,77662,5.0
CHE,Cucurella,D,5.5,2.73,3.66,2.85,3.84,2.74,3.48,3.45,2.07,3.17,3.68,2.81,34.47,257179,5.5
BRE,Kayode,D,4.5,4.45,1.73,2.68,3.71,3.3,2.97,3.2,2.8,3.98,1.91,3.41,34.15,4068254,4.5
NEW,J.Murphy,M,6.5,2.97,3.34,3.7,3.34,2.75,2.78,3.26,2.86,3.19,2.9,2.92,34.0,185623,6.5
CHE,Caicedo,M,5.0,2.95,3.29,3.07,3.35,2.95,3.12,3.07,2.72,3.11,3.31,3.01,33.96,203010,5.0
BRE,Collins,D,4.9,4.51,1.67,2.53,3.56,3.24,2.93,3.18,2.78,4.11,1.95,3.47,33.94,234803,4.9
EVE,Tarkowski,D,4.4,3.03,2.57,3.58,2.07,2.29,3.81,2.94,3.2,3.92,2.64,3.75,33.81,23287,4.4
CRY,Richards,D,4.5,3.12,3.91,2.87,2.28,3.23,3.34,3.38,2.39,3.17,3.5,2.57,33.75,1908560,4.5
EVE,Garner,M,4.5,3.33,2.68,3.01,2.67,2.68,3.29,3.03,3.15,3.41,2.99,3.37,33.6,255546,4.5
FUL,Wilson,M,5.5,3.14,2.73,3.06,3.38,3.47,3.42,2.86,2.81,2.82,2.97,2.91,33.55,234793,5.5
CRY,Kamada,M,5.0,3.16,3.3,2.83,2.69,3.18,3.33,3.17,2.75,3.08,3.26,2.76,33.51,3879498,5.0
SUN,Xhaka,M,5.0,3.53,2.52,2.53,2.87,2.86,3.4,2.95,3.14,3.17,3.15,3.13,33.25,4332524,5.0
BRE,Henderson,M,4.5,3.64,2.41,2.93,3.18,2.96,2.93,3.07,2.73,3.42,2.54,3.01,32.81,4307740,4.5
BHA,Georginio,F,5.5,3.18,3.23,3.46,2.57,3.56,2.19,2.99,3.48,2.34,2.99,2.71,32.69,3932747,5.5
NEW,Joelinton,M,5.5,2.86,3.18,3.48,3.18,2.6,2.58,3.06,2.66,3.13,2.91,2.86,32.48,137599,5.5
NFO,Anderson,M,5.6,3.27,3.19,3.04,3.21,2.87,2.72,3.0,2.68,3.05,2.55,2.89,32.46,200376,5.6
CRY,Sarr,M,7.0,5.15,5.29,4.39,4.27,0.0,0.0,0.0,2.03,2.46,4.4,4.36,32.36,3912183,7.0
BHA,Ayari,M,4.5,3.05,3.06,3.33,2.59,3.55,2.33,3.0,3.38,2.41,2.93,2.7,32.33,2930169,4.5
CRY,Yeremy,M,6.0,3.13,3.37,2.63,2.47,3.13,3.28,3.04,2.46,2.96,3.16,2.62,32.24,4381237,6.0
MUN,De Ligt,D,4.5,2.47,3.74,3.35,3.0,2.59,2.84,3.79,3.03,3.64,2.1,1.67,32.23,3922519,4.5
NEW,Hall,D,5.5,2.77,2.96,3.86,3.21,2.35,2.3,3.35,2.63,3.1,2.93,2.76,32.2,2707125,5.5
BHA,Wieffer,M,4.5,3.13,3.03,3.15,2.57,3.29,2.35,2.88,3.3,2.51,2.99,2.85,32.06,3893796,4.5
BHA,Van Hecke,D,4.5,3.08,3.16,3.66,1.77,3.94,1.69,2.99,4.16,1.67,3.01,2.8,31.92,2209114,4.5
CHE,Chalobah,D,5.0,2.57,3.39,2.66,3.57,2.55,3.25,3.13,1.92,2.91,3.35,2.61,31.9,242981,5.0
BUR,Anthony,M,6.1,3.09,3.13,2.77,3.06,2.73,2.95,2.9,2.63,2.99,2.5,3.13,31.87,230755,6.1
BUR,Flemming,F,6.0,3.0,3.05,2.71,3.02,2.84,3.16,2.95,2.61,3.04,2.38,3.09,31.84,4293411,6.0
BOU,Truffert,D,4.5,3.76,3.54,2.66,2.51,4.19,2.66,1.98,2.22,3.29,2.51,2.36,31.68,4293382,4.5
BHA,Dunk,D,4.5,3.07,3.15,3.59,1.78,3.93,1.68,2.97,4.09,1.67,2.97,2.75,31.65,45008,4.5
EVE,Mykolenko,D,4.5,2.86,2.42,3.35,1.93,2.18,3.55,2.79,3.01,3.61,2.45,3.45,31.62,274827,4.5
TOT,Van de Ven,D,5.0,3.35,2.17,3.13,2.79,2.15,2.24,2.46,3.85,2.27,3.56,3.63,31.61,3638005,5.0
FUL,Andersen,D,4.5,2.73,2.17,2.96,3.8,3.49,3.13,2.38,2.24,2.47,3.13,2.94,31.45,187804,4.5
CHE,James,D,5.5,2.31,3.1,2.5,3.57,2.56,3.31,3.17,1.98,2.93,3.36,2.63,31.42,148332,5.5
TOT,J.Palhinha,M,4.5,3.16,2.8,2.95,2.66,2.53,2.54,2.64,3.18,2.68,3.18,3.1,31.42,4338693,4.5
FUL,Berge,M,4.5,2.94,2.8,2.9,3.07,2.99,2.99,2.68,2.62,2.73,2.86,2.83,31.41,3584353,4.5
MCI,Reijnders,M,6.1,3.38,2.98,3.71,2.21,3.3,2.55,3.24,2.25,2.68,2.28,2.78,31.37,4293358,6.1
NEW,Burn,D,5.0,2.75,2.99,3.63,3.06,2.2,2.13,3.22,2.56,3.21,2.85,2.75,31.35,92423,5.0
BUR,Cullen,M,4.6,2.89,2.96,2.75,2.96,2.79,2.98,2.82,2.7,2.89,2.59,2.98,31.32,3584337,4.6
AVL,McGinn,M,5.5,3.29,2.79,2.47,3.07,3.24,2.64,2.31,3.07,2.69,3.0,2.54,31.11,131333,5.5
CRY,Wharton,M,4.5,2.99,3.14,2.67,2.57,2.9,3.02,2.85,2.52,2.78,2.95,2.56,30.95,3763100,4.5
MCI,Rodrigo,M,6.0,0.0,0.0,2.11,3.2,3.95,3.43,3.88,3.41,3.61,3.48,3.88,30.94,132974,6.0
TOT,Solanke,F,7.5,0.0,0.74,2.53,3.33,3.07,2.99,3.26,4.35,3.07,3.76,3.76,30.86,230753,7.5
EVE,Keane,D,4.5,3.04,2.57,3.54,2.05,2.27,3.8,2.95,3.23,3.84,2.11,1.38,30.78,4353622,4.5
WHU,Summerville,M,5.0,1.47,2.84,2.68,2.91,2.49,3.05,2.99,2.92,3.05,2.82,3.51,30.74,3912182,5.0
NFO,Milenković,D,5.5,3.02,3.32,2.85,3.18,2.73,2.11,3.32,2.5,3.0,2.15,2.55,30.73,3893837,5.5
FUL,Kevin,M,6.0,2.76,2.45,2.73,2.98,3.17,3.11,2.71,2.59,2.6,2.8,2.62,30.51,4386936,6.0
BHA,F.Kadıoğlu,D,4.4,2.98,3.02,3.42,1.76,3.77,1.64,2.84,3.9,1.63,2.86,2.66,30.47,3943791,4.4
MUN,Dalot,D,5.0,2.21,3.33,2.88,2.69,2.67,2.97,3.99,2.94,3.42,1.92,1.43,30.45,242908,5.0
FUL,Tete,D,4.5,2.72,2.16,2.88,3.62,3.36,2.99,2.27,2.17,2.39,2.98,2.8,30.34,231155,4.5
NFO,Ndoye,M,6.5,3.12,3.05,2.75,3.05,2.66,2.51,2.83,2.55,2.77,2.22,2.68,30.2,4332525,6.5
AVL,Konsa,D,5.0,3.94,2.49,2.25,3.09,2.97,2.02,1.77,3.44,2.4,3.39,2.33,30.08,134708,5.0
NFO,N.Williams,D,5.0,3.19,3.1,2.77,3.03,2.66,2.12,3.26,2.38,2.98,2.2,2.37,30.06,156926,5.0
BOU,Senesi,D,4.5,3.66,3.08,2.35,2.33,4.03,2.55,1.89,2.14,3.2,2.41,2.29,29.93,2018115,4.5
NEW,Botman,D,5.0,1.19,2.43,3.79,3.09,2.3,2.22,3.34,2.62,3.21,2.91,2.76,29.86,1727421,5.0
AVL,Cash,D,5.0,4.02,2.55,2.23,3.08,2.9,1.97,1.67,3.29,2.42,3.35,2.33,29.82,181873,5.0
NFO,Wood,F,7.5,0.79,1.69,1.8,3.76,3.14,2.97,3.41,3.01,3.55,2.52,3.1,29.73,57345,7.5
CRY,Nketiah,F,5.5,2.04,2.44,1.96,1.71,3.51,3.83,3.55,2.69,3.04,2.92,1.91,29.59,76982,5.5
MUN,Casemiro,M,4.5,2.79,2.59,2.65,2.66,2.54,2.74,3.09,2.78,3.14,2.45,2.06,29.49,2170280,4.5
BOU,Adams,M,4.5,3.26,2.66,2.5,2.52,3.04,2.59,2.35,2.3,2.93,2.6,2.57,29.32,1783669,4.5
MUN,Mbeumo,M,9.0,4.3,5.11,4.46,4.36,0.0,0.0,0.0,2.15,2.67,3.1,3.09,29.25,192214,9.0
BHA,Mitoma,M,6.5,0.0,0.0,0.0,1.04,4.5,3.0,4.27,5.0,3.39,4.2,3.84,29.23,1783652,6.5
MCI,Cherki,M,7.0,2.8,2.31,3.18,2.07,3.25,2.59,3.04,2.27,2.59,2.14,2.81,29.06,4293359,7.0
NFO,Murillo,D,5.0,2.84,3.15,2.72,2.97,2.59,1.97,3.09,2.32,2.82,2.04,2.39,28.9,3651901,5.0
BRE,Ajer,D,4.5,3.74,1.44,2.24,3.09,2.77,2.52,2.68,2.34,3.27,1.55,2.75,28.39,234799,4.5
TOT,Romero,D,5.0,0.0,2.17,3.12,2.78,2.13,2.25,2.51,3.97,2.29,3.53,3.6,28.35,241952,5.0
LEE,Calvert-Lewin,F,5.5,2.08,2.45,2.5,2.75,2.73,3.15,2.25,2.82,2.4,2.71,2.48,28.32,4356042,5.5
EVE,O'Brien,D,4.5,2.78,2.39,3.29,1.68,2.09,3.34,2.6,2.71,3.17,1.99,2.12,28.16,3907762,4.5
SUN,E.Le Fée,M,4.5,2.75,2.4,2.29,2.55,2.53,2.93,2.49,2.56,2.48,2.53,2.59,28.11,4293457,4.5
AVL,Kamara,M,4.5,3.01,2.64,2.33,2.68,2.62,2.27,2.12,2.66,2.49,2.72,2.48,28.02,1697059,4.5
FUL,Lukić,M,4.5,2.51,2.28,2.52,2.75,2.81,2.79,2.46,2.44,2.36,2.61,2.45,27.97,2930172,4.5
BRE,Yarmoliuk,M,4.5,3.01,2.08,2.5,2.73,2.55,2.51,2.61,2.38,2.83,2.1,2.51,27.81,2624511,4.5
AVL,Pau,D,5.0,3.68,2.34,2.09,2.87,2.73,1.86,1.63,3.11,2.18,3.11,2.13,27.74,3627877,5.0
WOL,Krejčí,D,4.5,2.49,3.39,2.85,1.47,3.16,1.6,2.32,3.56,2.72,2.65,1.47,27.68,4380426,4.5
ARS,Hincapie,D,6.0,2.97,3.62,3.15,4.22,2.88,2.03,1.9,1.57,1.54,1.82,1.95,27.65,4386929,6.0
EVE,Barry,F,6.0,2.47,2.26,2.63,2.01,2.13,3.03,2.59,2.69,2.9,2.21,2.7,27.63,4307736,6.0
WOL,Gomes,M,5.0,2.56,2.34,2.36,1.96,2.84,2.37,2.59,2.93,2.68,2.62,2.25,27.5,2930170,5.0
WHU,Potts,M,4.5,2.48,2.46,2.36,2.53,2.21,2.62,2.55,2.55,2.52,2.42,2.78,27.48,4349234,4.5
WHU,M.Fernandes,M,5.0,2.4,2.28,2.24,2.46,2.17,2.65,2.55,2.53,2.59,2.39,2.96,27.22,3934330,5.0
WOL,J.Arias,M,6.0,2.38,2.71,2.61,1.8,2.99,2.41,2.6,2.98,2.47,2.33,1.84,27.12,4316723,6.0
BOU,Diakité,D,4.5,3.11,3.08,2.24,2.16,3.66,2.33,1.74,1.95,2.75,2.1,1.98,27.1,4352383,4.5
LIV,Frimpong,D,6.0,0.0,0.0,0.0,2.02,3.38,4.5,4.28,3.25,2.06,4.56,2.87,26.92,4293354,6.0
SUN,Isidor,F,5.5,2.69,2.24,2.11,2.54,2.4,2.88,2.27,2.4,2.43,2.39,2.56,26.91,4293469,5.5
BOU,Scott,M,4.5,2.91,2.78,2.48,2.45,3.08,2.33,2.02,1.88,2.49,2.14,2.11,26.67,3638526,4.5
TOT,Udogie,D,5.0,2.8,1.84,2.65,2.34,1.83,1.86,2.06,3.32,1.91,2.91,3.05,26.58,3556529,5.0
LEE,Bogle,D,4.4,1.56,2.39,2.11,2.43,2.65,3.25,1.48,2.65,2.13,3.16,2.7,26.51,4293425,4.4
BUR,Florentino,M,4.5,2.49,2.46,2.29,2.5,2.35,2.55,2.39,2.28,2.47,2.21,2.51,26.5,4386960,4.5
MUN,Shaw,D,5.0,2.11,3.21,2.8,2.43,2.05,2.28,3.1,2.53,2.98,1.69,1.31,26.49,23188,5.0
BRE,O.Dango,M,6.0,4.87,2.88,3.78,4.2,0.0,0.0,0.0,1.74,2.65,2.5,3.82,26.45,2882402,6.0
MUN,Mount,M,5.5,2.83,3.07,2.6,1.93,2.75,2.87,3.27,2.29,2.46,1.51,0.82,26.38,139802,5.5
FUL,Sessegnon,M,5.0,3.01,2.74,2.87,2.93,2.48,2.46,2.11,1.9,1.94,1.93,1.89,26.24,3905453,5.0
FUL,King,M,4.5,2.24,2.04,2.3,2.65,2.78,2.72,2.4,2.27,2.28,2.27,2.23,26.19,4034328,4.5
LEE,Stach,M,4.5,0.0,1.13,2.0,3.06,3.09,3.27,2.53,2.93,2.53,2.89,2.74,26.18,4317775,4.5
ARS,Gabriel,D,6.0,0.0,0.0,0.0,0.0,1.92,3.96,4.36,3.76,3.62,4.08,4.27,25.97,181081,6.0
LEE,Okafor,M,5.5,2.21,2.44,2.32,2.41,2.42,2.75,2.01,2.5,2.14,2.48,2.22,25.89,4370441,5.5
WHU,Kilman,D,4.4,1.81,1.96,1.94,2.54,1.23,2.72,2.38,2.7,2.92,2.1,3.46,25.75,106466,4.4
AVL,Digne,D,5.0,3.4,2.16,1.87,2.65,2.57,1.73,1.47,2.9,2.1,2.79,1.99,25.65,91483,5.0
AVL,Buendía,M,5.0,2.25,2.19,1.86,2.55,2.97,2.16,1.75,2.72,2.21,2.54,2.06,25.26,192735,5.0
LEE,Struijk,D,4.5,1.53,2.21,2.05,2.3,2.61,3.11,1.42,2.56,1.93,2.79,2.48,24.98,4293422,4.5
WOL,André,M,4.5,2.26,2.45,2.29,1.86,2.38,2.06,2.2,2.45,2.32,2.26,2.01,24.55,3947663,4.5
EVE,Ndiaye,M,6.5,3.67,3.37,3.78,3.06,0.0,0.0,0.0,1.98,2.15,2.63,3.83,24.46,3893793,6.5
TOT,Bentancur,M,4.5,1.55,2.1,2.42,2.18,2.22,2.18,2.27,2.6,2.02,2.48,2.4,24.43,291492,4.5
WOL,Hee Chan,M,5.5,2.04,2.44,2.28,1.54,2.8,2.13,2.44,2.78,2.22,2.23,1.49,24.38,257178,5.5
MUN,Amad,M,7.5,3.48,4.16,3.67,3.63,0.0,0.0,0.0,1.97,2.27,2.6,2.57,24.35,198784,7.5
LEE,Rodon,D,4.5,1.32,2.1,1.86,2.21,2.5,3.03,1.33,2.47,1.89,2.83,2.47,24.02,4293423,4.5
CHE,Delap,F,7.0,2.07,2.72,2.36,2.32,1.95,2.21,2.37,1.56,2.09,2.46,1.87,23.98,3893803,7.0
FUL,Iwobi,M,6.5,3.67,3.27,3.54,3.98,0.0,0.0,0.0,1.43,1.6,2.87,3.54,23.89,23326,6.5
LEE,Gudmundsson,D,4.4,1.34,2.12,1.87,2.21,2.5,3.01,1.33,2.46,1.86,2.77,2.39,23.86,4297978,4.4
EVE,Beto,F,6.5,2.1,1.96,2.28,1.74,1.63,2.73,2.14,2.43,2.47,1.9,2.42,23.8,3650885,6.5
MUN,Šeško,F,7.5,0.0,0.0,0.0,1.48,2.87,3.45,3.9,3.35,3.68,2.83,2.22,23.78,4348880,7.5
BHA,Hinshelwood,M,5.5,1.42,1.95,2.71,1.5,3.21,1.95,2.71,2.93,1.88,1.85,1.6,23.72,3674479,5.5
MCI,Savinho,M,7.5,2.23,1.71,2.58,1.59,2.64,2.13,2.62,1.87,2.07,1.84,2.31,23.59,3894951,7.5
LEE,Tanaka,M,4.5,2.49,2.56,2.49,2.48,2.53,2.51,1.81,2.02,1.68,1.68,1.3,23.56,4293427,4.5
CHE,Fofana,D,5.0,1.98,2.58,1.98,2.71,1.9,2.34,2.27,1.31,2.03,2.47,1.88,23.45,186823,5.0
MCI,N.Gonzalez,M,5.0,3.26,2.8,3.12,1.54,2.0,1.66,1.95,1.53,1.76,1.63,2.0,23.24,4070128,5.0
SUN,Mukiele,D,4.5,2.6,1.23,1.18,2.32,1.89,3.19,1.63,2.11,2.07,2.41,2.56,23.19,4362455,4.5
ARS,Trossard,M,7.5,1.26,2.39,1.91,2.61,2.04,2.25,2.28,1.92,1.95,2.07,2.31,23.01,132424,7.5
BHA,Gomez,M,4.5,2.57,2.63,2.94,1.83,2.58,1.17,2.06,2.41,1.36,1.81,1.59,22.95,4050503,4.5
CHE,Garnacho,M,6.5,1.69,2.51,2.19,2.32,1.82,2.23,2.3,1.45,2.03,2.44,1.88,22.86,1214404,6.5
BRE,Nelson,M,5.5,2.12,0.0,1.4,1.97,3.18,3.12,3.3,1.9,2.83,1.2,1.79,22.81,77164,5.5
ARS,Merino,M,6.5,3.34,3.53,2.18,2.13,1.6,1.75,1.81,1.49,1.41,1.64,1.84,22.71,3943790,6.5
WOL,Bellegarde,M,5.5,1.29,2.11,2.13,1.39,2.73,2.18,2.46,2.63,2.17,2.02,1.41,22.53,3652440,5.5
AVL,Malen,M,6.5,3.47,1.58,1.22,2.23,2.67,1.81,1.23,2.49,1.87,2.25,1.66,22.47,4054663,6.5
TOT,Spence,D,4.6,2.3,1.51,1.85,2.05,1.59,1.64,1.83,2.44,1.69,2.63,2.77,22.3,230938,4.6
BOU,Kroupi.Jr,F,5.0,2.63,2.37,2.02,1.98,3.03,1.96,1.53,1.18,2.29,1.67,1.54,22.21,4293383,5.0
WHU,Wilson,F,5.5,1.82,1.96,1.76,2.05,1.5,2.07,1.97,2.09,2.24,1.93,2.76,22.14,4338690,5.5
LEE,Ampadu,D,4.5,1.25,1.79,1.61,1.96,2.29,2.8,1.22,2.33,1.78,2.72,2.35,22.1,4293421,4.5
MUN,Martinez,D,4.5,0.0,1.32,1.43,2.03,2.09,2.46,3.4,2.71,3.2,1.82,1.43,21.9,1818085,4.5
TOT,Odobert,M,5.5,2.73,2.09,2.24,1.96,1.63,1.44,1.62,2.39,1.41,2.21,2.15,21.87,3638871,5.5
WHU,Todibo,D,4.5,1.54,1.63,1.66,2.18,1.03,2.41,2.11,2.26,2.42,1.69,2.85,21.78,3920508,4.5
SUN,Hume,D,4.5,2.36,1.17,1.12,2.17,1.84,3.05,1.57,1.95,1.95,2.23,2.32,21.74,4293451,4.5
LIV,Kerkez,D,6.0,2.06,2.58,2.02,1.94,1.78,2.36,2.21,1.68,0.93,2.66,1.5,21.72,3628155,6.0
ARS,Madueke,M,6.5,1.99,2.33,1.9,2.36,1.78,1.95,2.03,1.71,1.66,1.91,2.06,21.69,2882403,6.5
EVE,Alcaraz,M,5.0,1.54,2.19,2.54,1.11,2.04,2.81,2.33,1.94,2.07,1.32,1.62,21.48,2853885,5.0
BRE,Lewis-Potter,D,5.0,2.17,0.66,1.39,2.04,2.87,2.3,2.82,1.72,2.66,0.97,1.83,21.42,1814996,5.0
BOU,Brooks,M,5.0,3.05,2.45,2.14,1.82,2.75,1.79,1.34,1.17,2.02,1.42,1.43,21.38,230752,5.0
BHA,Gruda,M,5.0,1.61,2.18,2.94,1.61,2.6,1.06,2.06,2.58,1.25,1.87,1.61,21.38,3923371,5.0
BUR,Hartman,D,4.5,1.89,2.17,1.57,2.47,1.65,2.51,1.95,1.6,2.09,1.04,2.32,21.25,4293399,4.5
MUN,Dorgu,D,4.5,1.17,1.76,1.63,1.32,2.35,2.46,3.46,2.33,2.93,1.22,0.55,21.18,4072114,4.5
BUR,Ugochukwu,M,4.5,1.87,1.93,1.74,1.98,1.94,2.14,2.01,1.9,2.04,1.62,1.95,21.1,3631216,4.5
WOL,Munetsi,M,5.0,3.13,3.51,3.51,2.59,0.0,0.0,0.0,1.82,1.25,2.5,2.72,21.01,4070205,5.0
TOT,Richarlison,F,7.1,2.73,1.95,2.23,1.74,1.47,1.27,1.66,2.46,1.26,2.11,2.09,20.99,45474,7.1
LEE,Aaronson,M,5.5,2.15,2.25,2.1,2.03,2.18,2.15,1.46,1.92,1.45,1.73,1.55,20.96,4293431,5.5
SUN,Ballard,D,4.1,2.24,1.09,1.06,2.02,1.76,2.97,1.5,1.96,1.92,2.14,2.3,20.94,4293444,4.1
ARS,Havertz,F,8.0,0.0,0.0,1.79,2.53,1.85,2.26,2.62,2.35,2.27,2.48,2.74,20.89,182529,8.0
SUN,Alderete,D,4.0,2.22,1.09,1.04,2.06,1.72,2.93,1.49,1.91,1.86,2.16,2.27,20.75,4352111,4.0
SUN,Geertruida,D,4.5,2.0,1.06,1.02,2.0,1.84,3.02,1.61,1.9,1.86,2.12,2.19,20.64,4386947,4.5
LIV,Chiesa,M,5.5,1.93,2.53,1.82,1.74,1.94,2.42,2.37,1.54,0.49,2.52,1.27,20.55,3946281,5.5
ARS,Martinelli,M,7.5,1.36,2.18,1.71,2.35,1.73,1.94,2.0,1.62,1.53,1.84,2.05,20.3,140008,7.5
TOT,Kulusevski,M,6.5,0.0,0.0,0.0,0.0,1.0,2.64,2.97,3.78,2.82,3.51,3.44,20.16,291491,6.5
MCI,Bobb,M,5.5,1.95,1.38,2.23,1.21,2.33,1.81,2.27,1.59,1.79,1.53,2.05,20.14,3652667,5.5
BOU,Kluivert,M,6.5,0.0,0.0,0.0,1.18,2.91,2.93,2.4,2.2,3.24,2.66,2.59,20.12,3584408,6.5
MUN,Zirkzee,F,5.5,2.95,2.43,2.11,1.65,1.85,1.84,2.33,1.66,2.03,0.96,0.23,20.04,3893805,5.5
NEW,Schär,D,5.5,1.7,1.91,2.43,1.96,1.33,1.32,2.05,1.62,2.09,1.86,1.74,20.01,91161,5.5
LIV,C.Jones,M,5.5,2.02,2.63,2.08,1.85,1.68,2.04,1.99,1.51,0.74,2.14,1.33,20.0,154682,5.5
LEE,Nmecha,F,5.0,2.12,2.23,1.71,1.72,1.78,2.22,1.23,1.82,1.5,1.92,1.72,19.97,4293418,5.0
CHE,Estêvão,M,6.0,1.31,2.27,1.71,2.13,1.59,2.08,2.06,1.26,1.7,2.15,1.59,19.83,4293364,6.0
LEE,James,M,6.0,1.56,2.24,1.84,1.81,1.84,2.17,1.26,1.86,1.45,2.01,1.76,19.8,4293434,6.0
CHE,Gusto,D,5.0,1.42,2.71,2.1,1.99,1.4,1.93,1.95,1.03,1.68,1.98,1.4,19.59,3556528,5.0
LIV,Ngumoha,M,5.0,1.98,2.76,1.98,1.87,1.75,2.37,2.31,1.53,0.15,2.81,0.0,19.52,4340419,5.0
WOL,Toti,D,4.4,1.67,2.34,1.99,1.05,2.29,1.11,1.68,2.55,2.0,1.84,1.0,19.51,280711,4.4
NEW,J.Ramsey,M,5.5,1.31,1.78,2.32,1.94,1.53,1.56,2.14,1.64,1.98,1.68,1.63,19.5,186002,5.5
LIV,Gomez,D,5.0,1.78,3.16,2.48,1.76,1.4,1.94,1.84,1.37,0.51,2.08,1.1,19.43,23120,5.0
BOU,Cook,M,5.0,1.77,2.48,2.21,2.16,2.76,1.64,1.19,1.11,1.5,1.18,1.11,19.11,230747,5.0
TOT,Kolo Muani,F,6.5,2.26,1.76,2.06,1.61,1.21,1.26,1.39,2.3,1.28,2.01,1.99,19.11,4386959,6.5
BUR,Walker,D,4.5,1.68,1.87,1.37,2.23,1.48,2.3,1.77,1.43,1.94,0.9,2.13,19.1,23260,4.5
EVE,Iroegbunam,M,4.5,2.12,1.71,1.95,1.31,1.79,2.16,1.92,1.7,1.94,1.08,1.31,19.0,495578,4.5
NEW,Elanga,M,7.0,1.29,1.92,2.33,1.95,1.36,1.42,2.04,1.46,1.91,1.62,1.59,18.89,219749,7.0
NFO,Savona,D,5.0,2.96,3.24,2.79,1.74,1.96,0.99,1.96,0.95,1.14,0.77,0.23,18.72,4386445,5.0
BOU,Milosavljević,D,4.0,1.51,2.44,1.68,1.58,2.98,1.32,1.29,1.39,2.11,1.24,1.14,18.68,4386939,4.0
MCI,Lewis,D,5.5,1.96,1.42,2.23,1.15,2.05,1.54,1.99,1.34,1.62,1.32,2.03,18.63,2087563,5.5
BUR,Laurent,M,4.5,0.97,1.14,1.06,1.33,2.31,2.52,2.43,1.99,2.22,1.23,1.36,18.56,4293406,4.5
BUR,Estève,D,4.0,1.55,1.87,1.28,2.24,1.41,2.36,1.73,1.37,1.84,0.75,2.04,18.45,3763423,4.0
NFO,Bakwa,M,6.0,0.51,0.99,1.09,2.41,2.08,1.93,2.39,1.7,2.19,1.32,1.79,18.4,4386934,6.0
MUN,Yoro,D,4.5,1.95,2.9,2.35,1.5,1.58,1.32,2.03,1.44,1.93,0.86,0.51,18.38,3893844,4.5
WHU,Souček,M,6.0,1.37,1.27,1.34,1.65,1.37,1.92,1.93,1.83,1.91,1.51,2.27,18.36,160700,6.0
NFO,Hudson-Odoi,M,6.0,2.53,2.28,1.69,1.75,1.41,1.27,1.67,1.37,1.65,0.98,1.33,17.94,69539,6.0
MCI,Marmoush,F,8.0,2.47,2.03,3.01,2.04,0.0,0.0,0.0,1.57,1.95,1.93,2.93,17.93,4059073,8.0
MCI,Stones,D,5.5,1.85,1.23,2.08,1.13,1.95,1.5,1.9,1.28,1.65,1.3,2.02,17.88,23044,5.5
TOT,Bergvall,M,4.5,2.34,0.92,1.44,1.28,1.8,1.8,1.97,2.02,1.14,1.59,1.5,17.81,3879490,4.5
WHU,Mavropanos,D,4.5,-0.11,0.77,1.52,1.98,1.1,2.35,2.25,2.23,2.15,1.48,2.08,17.8,3646579,4.5
NFO,Douglas Luiz,M,5.0,0.0,0.0,0.0,0.97,2.4,2.44,2.74,2.32,2.61,2.02,2.28,17.79,4370994,5.0
FUL,Bassey,D,4.4,2.55,2.03,2.69,3.38,0.0,0.0,0.0,0.85,0.98,2.49,2.69,17.65,3629982,4.4
MCI,Aké,D,5.0,2.2,1.18,2.16,0.95,1.92,1.45,1.91,1.2,1.51,1.2,1.89,17.57,23346,5.0
WHU,Füllkrug,F,6.5,1.4,1.32,1.28,1.67,1.07,1.71,1.68,1.72,1.86,1.53,2.27,17.51,3914553,6.5
ARS,Nørgaard,M,5.0,0.0,1.92,1.45,2.39,1.59,1.87,1.98,1.36,1.26,1.67,2.02,17.49,192201,5.0
ARS,Mosquera,D,5.5,1.01,2.09,1.86,2.39,1.63,1.53,1.57,1.2,1.13,1.42,1.58,17.43,4323283,5.5
MCI,Aït-Nouri,D,6.0,2.37,2.19,3.18,1.91,0.0,0.0,0.0,1.37,1.74,1.63,2.87,17.25,187323,6.0
FUL,Robinson,D,5.0,0.0,0.0,0.0,1.31,2.82,2.54,1.99,1.8,1.94,2.43,2.14,16.97,231153,5.0
WHU,Diouf,D,4.5,1.9,2.07,2.03,2.68,0.0,0.0,0.0,1.36,1.5,1.86,3.51,16.9,4307742,4.5
BUR,Tchaouna,M,5.0,1.65,1.66,1.41,1.5,1.57,1.86,1.69,1.51,1.49,1.04,1.45,16.84,4293410,5.0
WHU,Walker-Peters,D,4.5,0.35,0.46,0.71,1.06,1.35,2.89,2.56,2.42,2.39,1.07,1.56,16.82,46637,4.5
ARS,White,D,6.0,0.85,1.79,1.38,2.03,1.49,1.64,1.71,1.28,1.23,1.52,1.72,16.64,176641,6.0
NFO,Igor Jesus,F,6.0,2.74,2.38,1.6,1.44,1.27,1.06,1.59,1.14,1.42,0.7,1.07,16.39,4297976,6.0
WHU,Wan-Bissaka,D,4.9,1.84,1.98,1.97,2.59,0.0,0.0,0.0,1.3,1.41,1.79,3.38,16.24,32948,4.9
ARS,Lewis-Skelly,D,5.5,0.79,1.74,1.3,1.93,1.39,1.64,1.72,1.19,1.14,1.47,1.79,16.1,3973402,5.5
MCI,Khusanov,D,5.0,1.84,1.1,1.98,0.91,1.73,1.3,1.7,1.12,1.38,1.11,1.78,15.95,4058397,5.0
CRY,Lerma,M,4.5,1.23,1.59,1.18,1.01,1.59,1.69,1.66,1.11,1.5,1.65,1.1,15.33,230744,4.5
CHE,Gittens,M,6.0,0.79,1.66,1.28,1.68,1.06,1.64,1.61,0.75,1.35,1.76,1.11,14.68,4297975,6.0
BRE,Hickey,D,4.0,1.79,0.36,1.05,1.75,1.41,1.36,1.47,1.26,1.99,0.66,1.56,14.67,1803646,4.0
AVL,Maatsen,D,5.0,1.89,1.06,0.86,1.62,1.69,0.87,0.67,1.8,1.06,1.84,1.08,14.44,3629422,5.0
BHA,Baleba,M,4.5,2.39,2.06,2.36,1.69,0.0,0.0,0.0,1.71,0.4,1.5,2.12,14.24,3651385,4.5
WOL,Agbadou,D,4.5,2.06,2.84,2.37,1.3,0.0,0.0,0.0,1.47,1.0,1.95,1.23,14.23,4051799,4.5
NEW,L.Miley,M,4.5,0.84,1.22,1.77,1.5,0.96,1.07,1.6,1.23,1.49,1.25,1.21,14.14,3709125,4.5
NEW,Ramsdale,G,5.0,0.82,1.27,1.92,1.43,0.81,0.83,1.54,1.19,1.62,1.24,1.32,14.01,140080,5.0
EVE,Dibling,M,5.0,0.83,1.0,1.47,0.52,1.59,2.04,1.57,1.35,1.56,0.79,1.23,13.96,3926400,5.0
BOU,Smith,D,4.5,1.75,1.74,1.13,1.12,2.24,1.16,0.7,0.79,1.41,1.01,0.85,13.9,230742,4.5
BOU,A.Jimenez,D,4.5,1.82,1.55,1.06,1.1,2.04,1.2,0.79,0.77,1.6,0.99,0.99,13.9,4386938,4.5
BHA,De Cuyper,D,4.5,1.13,1.58,2.13,0.55,2.03,0.28,1.45,2.09,0.35,1.29,0.96,13.83,4297977,4.5
NFO,Zinchenko,D,5.5,0.0,0.0,0.0,1.08,2.26,1.92,2.91,1.89,2.37,0.0,1.3,13.73,23148,5.5
WOL,S.Bueno,D,4.5,0.32,1.07,1.0,0.23,2.38,1.19,1.76,2.35,1.79,1.2,0.35,13.63,3651663,4.5
LEE,Longstaff,M,4.5,0.0,0.0,0.0,0.0,0.0,1.25,1.37,2.59,2.59,2.92,2.74,13.46,95817,4.5
AVL,Onana,M,4.5,1.45,0.94,0.82,1.47,1.57,1.07,0.9,1.57,1.14,1.45,1.03,13.41,2018116,4.5
FUL,Smith Rowe,M,6.0,0.7,0.59,0.99,1.57,1.82,1.73,1.31,1.06,1.1,1.35,1.08,13.31,197966,6.0
CHE,Acheampong,D,4.5,0.52,1.5,1.11,1.64,0.94,1.54,1.5,0.66,1.24,1.59,1.05,13.27,4049941,4.5
SUN,Sadiki,M,4.5,2.69,1.95,1.87,1.94,0.0,0.0,0.0,0.65,0.73,1.22,2.15,13.19,4297974,4.5
MUN,Maguire,D,4.5,0.0,1.45,1.35,1.37,1.17,1.31,1.92,1.43,1.88,0.86,0.44,13.17,23076,4.5
FUL,Diop,D,4.0,0.0,-0.13,0.7,1.29,2.86,2.53,1.96,0.94,1.12,1.07,0.75,13.08,88449,4.0
TOT,Johnson,M,7.1,1.31,0.75,1.5,1.17,0.89,0.54,0.8,2.09,0.55,1.68,1.72,13.01,230991,7.1
CHE,Tosin,D,5.0,0.47,1.46,1.08,1.56,0.92,1.47,1.48,0.59,1.35,1.58,1.0,12.97,231147,5.0
CRY,Devenny,M,4.5,0.0,1.85,0.75,0.24,1.67,1.85,1.78,0.89,1.34,1.64,0.58,12.57,4015014,4.5
EVE,Röhl,M,5.0,0.0,0.0,0.0,0.0,0.36,2.34,2.23,2.21,2.3,1.31,1.66,12.42,4386953,5.0
BRE,Jensen,M,4.5,1.73,-0.13,0.71,1.4,1.37,1.3,1.46,1.01,1.77,0.56,1.23,12.42,192210,4.5
CHE,Andrey Santos,M,4.5,0.72,1.63,1.21,1.48,0.77,1.37,1.3,0.48,1.02,1.45,0.81,12.23,2840080,4.5
LIV,Bradley,D,5.0,0.0,0.0,0.0,0.0,1.17,2.19,2.32,1.57,1.02,2.41,1.43,12.1,3744084,5.0
WOL,H.Bueno,D,4.5,0.78,1.38,1.15,0.39,1.9,0.85,1.44,1.72,1.25,0.96,0.27,12.09,2584318,4.5
WOL,Møller Wolfe,D,4.5,1.1,1.47,1.21,0.48,1.57,0.64,1.11,1.72,1.22,1.15,0.38,12.06,4338691,4.5
BRE,Janelt,M,4.5,1.66,0.02,0.68,1.3,1.32,1.25,1.39,1.03,1.65,0.57,1.18,12.06,192211,4.5
LEE,Gruev,M,4.5,2.12,2.07,1.9,1.14,1.27,1.22,0.24,0.74,0.06,0.66,0.45,11.86,4293428,4.5
EVE,McNeil,M,6.0,0.42,0.67,1.36,0.09,1.14,1.93,1.44,1.26,1.48,0.49,1.31,11.59,96761,6.0
LEE,Gnonto,M,5.5,0.27,0.84,1.01,1.14,1.27,1.58,0.64,1.43,0.9,1.34,1.1,11.53,4293433,5.5
TOT,P.M.Sarr,M,5.0,1.64,1.28,1.74,1.67,0.0,0.0,0.0,1.65,0.37,1.4,1.77,11.52,1783664,5.0
CRY,Hughes,M,4.5,0.92,1.35,0.74,0.49,1.31,1.42,1.37,0.68,1.14,1.33,0.68,11.43,45036,4.5
MUN,Ugarte,M,4.5,0.8,1.47,1.18,1.02,0.99,1.08,1.46,1.12,1.31,0.71,0.27,11.39,3947650,4.5
SUN,Traoré,M,5.0,2.21,1.71,1.58,1.82,0.0,0.0,0.0,0.59,0.58,1.17,1.65,11.32,4386989,5.0
TOT,Tel,M,6.0,1.24,0.68,1.3,0.84,0.46,0.35,0.58,2.02,0.57,1.6,1.64,11.29,4072115,6.0
FUL,Muniz,F,5.5,0.0,0.0,0.0,0.0,0.0,0.0,1.05,1.57,2.09,3.3,3.25,11.26,3556539,5.5
CRY,Canvot,D,4.0,0.96,1.47,0.8,0.46,1.2,1.28,1.31,0.63,1.14,1.39,0.63,11.25,4386946,4.0
TOT,Danso,D,4.5,3.1,-0.01,0.93,0.71,0.3,0.47,0.61,1.65,0.55,1.37,1.45,11.13,4069391,4.5
BUR,Bruun Larsen,M,5.0,0.73,0.86,0.77,1.07,1.08,1.45,1.21,0.85,1.13,0.67,1.17,10.98,4307739,5.0
NEW,Wissa,F,7.5,0.0,0.0,0.0,2.07,0.0,0.0,0.0,1.6,2.19,2.23,2.72,10.8,242911,7.5
FUL,Cairney,M,4.5,0.5,0.31,0.83,1.32,1.43,1.34,1.08,0.84,0.96,1.1,1.01,10.73,4356780,4.5
MUN,Mainoo,M,4.5,0.34,1.27,1.0,0.98,1.07,1.14,1.57,1.19,1.44,0.65,0.06,10.73,3715024,4.5
BHA,Boscagli,D,4.5,0.0,1.14,1.61,0.18,1.91,0.32,1.41,2.0,0.21,1.08,0.81,10.67,4293378,4.5
CHE,Hato,D,5.0,0.0,1.33,0.86,1.47,0.71,1.37,1.26,0.35,1.0,1.41,0.8,10.56,4338692,5.0
BOU,Enes Ünal,F,5.5,1.63,1.42,0.91,0.9,2.04,0.88,0.39,0.06,1.34,0.51,0.33,10.42,3763425,5.5
SUN,Reinildo,D,4.0,2.0,0.84,0.83,1.77,0.0,0.0,0.0,0.63,0.64,1.66,2.04,10.41,4297979,4.0
AVL,Sancho,M,6.0,1.55,0.62,0.29,1.27,0.0,1.0,0.73,1.58,0.92,1.45,0.84,10.26,228177,6.0
NFO,Yates,M,4.5,1.33,1.36,1.17,1.25,0.9,0.65,1.21,0.68,0.93,0.25,0.5,10.24,230985,4.5
WOL,Hoever,D,4.0,0.55,1.01,0.7,-0.13,2.15,1.06,1.55,1.54,1.03,0.84,-0.06,10.22,184652,4.0
NFO,Hutchinson,M,6.0,1.34,1.25,1.05,1.11,0.78,0.5,1.17,0.81,1.07,0.33,0.73,10.15,3879579,6.0
WOL,Tchatchoua,D,4.5,1.73,2.34,2.0,0.94,0.0,0.0,0.0,1.0,0.57,0.9,0.64,10.12,4364815,4.5
CRY,Clyne,D,4.0,0.0,1.58,0.91,0.55,1.18,1.21,1.2,0.48,1.07,1.31,0.58,10.07,189201,4.0
EVE,Gana,M,4.5,0.0,0.0,0.0,2.37,0.0,0.0,0.0,1.3,1.47,2.04,2.82,9.99,2268238,4.5
BHA,Veltman,D,4.5,0.59,1.12,1.57,0.16,1.78,0.01,1.19,1.8,0.11,0.91,0.7,9.94,177020,4.5
SUN,Diarra,M,5.0,0.0,0.18,0.99,2.57,0.0,0.0,0.0,0.9,0.84,1.91,2.52,9.91,4293456,5.0
NFO,Sangaré,M,4.5,2.24,2.26,2.03,1.56,0.0,0.0,0.0,0.27,0.52,0.04,0.85,9.77,3652441,4.5
CHE,B.Badiashile,D,5.0,0.03,1.31,0.77,1.46,0.57,1.31,1.22,0.08,0.95,1.37,0.71,9.77,2840078,5.0
BUR,Tuanzebe,D,4.0,1.41,1.71,1.16,2.02,0.0,0.0,0.0,0.3,0.58,0.63,1.81,9.63,3879559,4.0
AVL,Guessand,F,6.5,1.77,1.15,0.87,1.64,0.0,0.0,0.0,1.21,0.31,1.39,1.26,9.59,4348599,6.5
LIV,Mamardashvili,G,5.5,0.0,0.0,0.0,0.0,1.18,2.16,1.96,1.13,-0.21,2.46,0.9,9.58,4293350,5.5
AVL,Mings,D,5.0,1.32,0.47,0.4,1.14,1.15,0.46,0.35,1.4,0.78,1.32,0.7,9.48,131314,5.0
NFO,McAtee,M,5.5,1.15,1.21,0.97,1.08,0.75,0.48,1.16,0.63,1.03,0.26,0.59,9.31,3638859,5.5
SUN,Brobbey,F,6.5,0.58,0.09,0.04,0.6,1.17,1.79,1.05,0.97,0.99,0.98,0.88,9.14,4386948,6.5
FUL,Adama,M,5.5,0.39,0.06,0.81,1.4,1.52,1.34,0.91,0.5,0.53,0.87,0.7,9.04,3639047,5.5
BOU,Adli,M,6.0,1.97,1.69,1.31,1.24,0.0,0.0,0.0,-0.27,1.35,0.68,0.97,8.93,4370219,6.0
WOL,Tolu,F,6.0,1.21,1.55,1.47,0.76,0.0,0.0,0.0,1.14,0.58,1.08,1.0,8.79,4386956,6.0
TOT,Gray,M,4.5,0.75,-0.03,0.79,0.63,0.78,0.81,0.94,1.4,0.44,1.11,1.15,8.77,3879523,4.5
FUL,J.Cuenca,D,4.0,0.14,0.05,0.66,1.25,1.51,1.48,0.89,0.59,0.7,0.88,0.61,8.76,3912181,4.0
MUN,Mazraoui,D,4.5,0.94,1.7,1.33,1.15,0.0,0.0,0.0,1.03,1.41,0.61,0.32,8.5,3922520,4.5
WOL,Doherty,D,4.4,0.0,0.5,0.62,-0.12,1.81,0.91,1.37,1.51,1.08,0.81,-0.02,8.48,3628568,4.4
LEE,Bijol,D,4.5,-0.07,0.67,0.49,0.82,0.93,1.35,0.28,1.06,0.62,1.29,0.92,8.37,4293420,4.5
FUL,Castagne,D,4.5,0.19,0.05,0.74,1.33,1.26,1.16,0.71,0.47,0.66,0.93,0.77,8.27,182119,4.5
NFO,Morato,D,4.0,0.64,1.3,1.06,0.98,0.64,0.37,1.08,0.52,0.81,0.34,0.46,8.19,3947674,4.0
WHU,Igor,D,4.5,0.31,0.33,0.0,0.63,0.89,1.99,0.0,1.11,1.03,0.54,1.31,8.14,3629364,4.5
NEW,Trippier,D,5.0,0.0,0.0,0.0,0.0,0.0,0.46,1.62,1.25,1.76,1.48,1.48,8.05,278659,5.0
CRY,Sosa,D,4.5,0.0,0.0,0.0,0.18,1.2,1.38,1.32,0.29,1.2,1.66,0.49,7.73,4307737,4.5
BRE,Henry,D,4.5,0.0,0.0,0.3,1.3,0.91,0.77,1.02,0.66,1.67,-0.05,1.08,7.65,192195,4.5
BRE,Pinnock,D,4.5,0.0,-0.51,0.59,1.33,0.97,0.89,1.02,0.66,1.71,-0.15,1.1,7.61,192197,4.5
NFO,Dominguez,M,4.5,0.88,0.98,0.8,0.86,0.64,0.37,1.04,0.53,0.83,0.15,0.37,7.46,3652110,4.5
NFO,Aina,D,5.0,0.0,0.0,0.0,1.36,0.0,0.0,0.0,0.92,1.15,1.7,2.19,7.32,3628750,5.0
WHU,Scarles,D,4.0,0.0,0.0,0.0,0.0,0.0,0.94,1.3,1.19,1.6,0.82,1.43,7.29,4042029,4.0
BHA,Coppola,D,4.5,0.0,0.91,1.35,0.0,1.85,-0.87,0.86,1.77,0.0,0.71,0.39,6.98,4293377,4.5
BOU,Christie,M,5.0,0.0,0.0,0.0,0.0,0.0,0.78,0.72,1.01,1.76,1.28,1.37,6.91,258290,5.0
BOU,Hill,D,4.0,0.0,1.15,0.5,0.55,1.8,0.6,0.11,0.18,1.09,0.44,0.34,6.76,280848,4.0
BHA,March,M,5.5,0.0,0.0,0.0,0.0,2.07,-0.41,1.2,2.13,-0.17,1.07,0.7,6.59,45018,5.5
FUL,Chukwueze,M,5.0,0.8,0.57,1.09,1.63,0.0,0.0,0.0,0.02,0.3,1.01,1.03,6.46,4386935,5.0
BUR,Broja,F,5.0,0.26,0.37,0.16,0.64,0.7,0.95,0.88,0.58,0.78,0.23,0.67,6.21,242869,5.0
BHA,Milner,M,4.5,0.0,0.0,0.0,0.0,1.56,0.23,1.18,1.62,0.07,0.81,0.45,5.94,23117,4.5
CHE,Lavia,M,4.5,0.0,0.0,0.0,0.0,0.54,1.15,1.1,0.32,0.88,1.2,0.71,5.9,1783661,4.5
WHU,S.Magassa,M,4.5,-0.19,-0.02,0.26,0.5,0.35,0.85,1.15,0.71,0.77,0.3,1.19,5.89,4386444,4.5
SUN,Rigg,M,5.0,-0.2,-0.23,-0.57,0.0,1.81,2.2,1.7,0.56,0.5,0.1,0.0,5.87,4293463,5.0
WHU,Irving,M,4.5,-0.1,0.06,0.14,0.5,0.24,0.86,0.79,0.65,0.78,0.34,1.25,5.52,3651912,4.5
MUN,Malacia,D,4.0,0.0,0.0,0.0,0.0,0.73,0.93,1.46,0.78,1.39,0.0,0.0,5.29,1777193,4.0
LIV,Endo,M,4.5,0.0,2.24,1.51,1.48,0.0,0.0,0.0,0.0,0.0,0.0,0.0,5.23,3643150,4.5
WOL,Fer López,M,5.0,-0.23,0.69,0.56,-0.45,1.31,0.62,0.99,1.29,0.69,0.41,-0.71,5.16,4293394,5.0
AVL,Barkley,M,4.5,0.0,0.0,0.0,0.88,1.24,0.14,-0.08,1.21,0.43,1.15,0.18,5.15,3638248,4.5
SUN,Mayenda,F,6.0,-0.29,-0.82,-0.85,-0.1,1.45,1.95,1.39,0.71,0.64,0.57,0.42,5.07,4293468,6.0
EVE,Patterson,D,4.5,0.0,0.0,0.0,0.0,0.16,1.21,0.54,0.72,1.09,0.09,1.09,4.9,274923,4.5
BHA,Watson,M,4.5,1.11,1.66,1.94,0.15,0.0,0.0,0.0,0.0,0.0,0.0,0.0,4.85,4293379,4.5
LEE,Justin,D,4.5,-0.76,0.08,0.1,0.46,0.75,1.2,0.2,0.91,0.28,0.86,0.67,4.75,137292,4.5
EVE,Coleman,D,4.0,0.0,0.0,0.0,0.0,-0.57,1.24,0.75,0.83,1.14,0.26,1.09,4.74,23059,4.0
ARS,Nwaneri,M,6.0,1.05,2.03,1.61,0.0,0.0,0.0,0.0,0.0,0.0,0.0,0.0,4.68,3963752,6.0
EVE,Branthwaite,D,4.5,0.0,0.0,0.0,0.0,0.0,0.0,0.0,0.0,0.0,0.91,3.47,4.38,242875,4.5
SUN,Talbi,M,5.0,0.86,0.38,0.44,0.79,0.0,0.0,0.0,0.22,0.14,0.59,0.92,4.35,4307735,5.0
BRE,Onyeka,M,4.5,1.95,-0.57,0.45,1.23,0.0,0.0,0.0,0.35,0.0,-0.29,1.04,4.15,233401,4.5
SUN,Mundle,M,5.0,0.0,0.0,0.0,0.0,1.09,1.48,1.04,0.38,0.31,-0.01,-0.18,4.12,4293465,5.0
LEE,Piroe,F,6.0,-0.82,0.23,0.18,0.33,0.62,1.24,-0.06,0.81,0.1,0.84,0.48,3.96,4293436,6.0
BUR,Ekdal,D,4.0,-0.94,-0.29,-0.54,0.14,1.15,1.85,1.39,0.31,0.66,-0.37,0.03,3.38,3584351,4.0
NEW,Osula,F,5.0,0.0,0.0,0.0,0.0,0.69,0.7,1.95,0.0,0.0,0.0,0.0,3.34,3584389,5.0
AVL,Elliott,M,5.5,0.0,0.0,0.0,0.0,1.05,0.01,-0.28,1.15,0.26,1.06,0.05,3.3,241953,5.5
WHU,L.Guilherme,M,5.0,-0.59,0.0,0.0,0.34,-0.29,0.65,0.49,0.47,0.7,-0.1,1.54,3.21,3879499,5.0
BUR,Foster,F,5.5,0.53,0.63,0.43,0.87,0.0,0.0,0.0,-0.47,0.08,0.09,1.0,3.16,3584363,5.5
WOL,Mosquera,D,4.0,0.0,0.39,0.06,-1.3,1.2,0.44,0.85,1.17,0.61,0.38,-0.72,3.08,3737495,4.0
BHA,Kostoulas,M,5.0,0.0,1.24,1.75,0.0,0.0,0.0,0.0,0.0,0.0,0.0,0.0,2.99,4293381,5.0
BRE,Nunes,M,5.0,0.0,0.0,0.0,0.0,0.89,0.73,0.98,0.4,0.0,0.0,0.0,2.99,3946037,5.0
BHA,Tzimas,F,5.0,0.0,1.31,1.86,-0.33,0.0,0.0,0.0,0.0,0.0,0.0,0.0,2.83,4293380,5.0
CHE,Buonanotte,M,5.0,0.0,1.59,0.94,0.0,0.0,0.0,0.0,0.0,0.0,0.0,0.0,2.53,2818757,5.0
TOT,Bissouma,M,4.5,0.0,0.0,0.0,0.0,0.0,0.0,0.0,0.0,0.0,1.19,1.24,2.43,90433,4.5
NFO,Kalimuendo,F,6.5,0.94,0.99,0.48,0.0,0.0,0.0,0.0,0.0,0.0,0.0,0.0,2.41,4363308,6.5
SUN,Neil,M,5.0,0.0,-0.77,-1.53,0.0,1.6,1.69,1.55,-0.01,-0.03,-0.29,0.0,2.21,4293458,5.0
BOU,Soler,D,4.5,0.0,0.0,0.0,0.0,2.1,0.0,0.0,0.0,0.0,0.0,0.0,2.1,4054393,4.5
BRE,Peart-Harris,M,4.5,0.0,0.0,0.0,0.0,0.0,0.85,1.15,0.0,0.0,0.0,0.0,2.0,4293390,4.5
CRY,Chadi Riad,D,4.5,0.0,0.0,0.0,0.0,0.0,0.0,0.0,0.0,0.0,1.52,0.4,1.92,3879497,4.5
NEW,Willock,M,4.5,0.0,0.0,0.0,0.0,0.0,0.0,1.81,0.0,0.0,0.0,0.0,1.81,84632,4.5
SUN,Cirkin,D,4.5,0.0,0.0,0.0,0.0,0.54,1.24,0.42,-0.27,-0.3,0.0,0.0,1.63,4293449,4.5
NFO,Jair Cunha,D,4.5,0.0,0.62,0.26,0.0,0.0,0.0,0.68,0.0,0.0,0.0,0.0,1.56,4307738,4.5
SUN,Adingra,M,5.5,0.46,0.03,0.0,0.38,0.0,0.0,0.0,-0.15,-0.17,0.28,0.53,1.35,1727418,5.5
NFO,Awoniyi,F,5.5,0.0,0.0,0.43,0.92,0.0,0.0,0.0,0.0,0.0,-0.58,0.48,1.25,1727417,5.5
MUN,Heaven,D,4.0,-0.11,1.31,0.0,0.0,0.0,0.0,0.0,0.0,0.0,0.0,0.0,1.2,4111078,4.0
AVL,Bogarde,D,4.0,0.0,0.0,0.0,0.0,0.72,-0.62,0.0,0.99,0.0,0.0,0.0,1.09,3948113,4.0
BUR,Edwards,M,5.0,0.0,-0.44,-0.8,0.12,0.36,0.73,0.53,0.15,0.51,-0.35,0.27,1.08,4293409,5.0
MUN,Obi,F,5.0,0.49,0.0,0.0,0.0,0.48,0.0,0.0,0.0,0.0,0.0,0.0,0.97,4083701,5.0
SUN,Poveda,M,4.5,0.0,0.0,0.0,0.0,0.32,0.96,0.25,-0.76,0.0,0.0,0.0,0.77,4293467,4.5
AVL,Lindelöf,D,4.5,0.0,0.0,0.0,0.0,0.69,-0.65,-0.97,0.94,-0.13,0.89,0.0,0.77,4386952,4.5
WOL,R.Gomes,M,4.5,0.0,0.0,0.0,0.0,0.0,0.0,0.0,0.0,0.0,0.25,0.24,0.49,3879504,4.5
NEW,Krafth,D,4.5,0.0,0.0,0.0,0.0,0.4,0.0,0.0,0.0,0.0,0.0,0.0,0.4,139838,4.5
AVL,A.García,D,4.5,0.0,0.0,0.0,0.0,0.69,0.0,-0.97,0.97,0.0,0.0,-0.3,0.39,4060760,4.5
FUL,Reed,M,4.5,0.0,0.0,0.0,0.0,0.0,0.54,-0.16,0.0,0.0,0.0,0.0,0.38,231160,4.5
EVE,Aznou,D,4.0,0.18,0.16,0.99,-0.54,-0.47,0.0,0.0,0.0,0.0,0.0,0.0,0.33,4330835,4.0
LEE,Byram,D,4.5,0.0,0.0,0.0,0.0,0.0,0.0,0.0,0.11,0.0,0.0,0.0,0.11,4363540,4.5
TOT,Davies,D,4.5,0.0,0.0,0.0,0.0,0.0,0.0,0.06,0.0,0.0,0.0,0.0,0.06,23490,4.5
BOU,J.Araujo,D,4.5,0.0,0.0,0.0,0.0,0.0,0.0,0.0,0.0,0.0,0.0,0.0,0.0,3922518,4.5
LEE,Meslier,G,4.5,0.0,0.0,0.0,0.0,0.0,0.0,0.0,0.0,0.0,0.0,0.0,0.0,4293415,4.5
SUN,Alese,D,4.0,0.0,0.0,0.0,0.0,0.0,0.0,0.0,0.0,0.0,0.0,0.0,0.0,4293447,4.0
BOU,Akinmboni,D,4.0,0.0,0.0,0.0,0.0,0.0,0.0,0.0,0.0,0.0,0.0,0.0,0.0,4101873,4.0
NFO,Gunn,G,4.5,0.0,0.0,0.0,0.0,0.0,0.0,0.0,0.0,0.0,0.0,0.0,0.0,4341209,4.5
AVL,Burrowes,M,4.5,0.0,0.0,0.0,0.0,0.0,0.0,0.0,0.0,0.0,0.0,0.0,0.0,4383875,4.5
BUR,Delcroix,D,4.0,0.0,0.0,0.0,0.0,0.0,0.0,0.0,0.0,0.0,0.0,0.0,0.0,3646515,4.0
CRY,Kporha,D,4.0,0.0,0.0,0.0,0.0,0.0,0.0,0.0,0.0,0.0,0.0,0.0,0.0,4015330,4.0
NEW,Lascelles,D,4.5,0.0,0.0,0.0,0.0,0.0,0.0,0.0,0.0,0.0,0.0,0.0,0.0,45072,4.5
BUR,Banel,M,4.5,0.0,0.0,0.0,0.0,0.0,0.0,0.0,0.0,0.0,0.0,0.0,0.0,4293408,4.5
SUN,Ba,M,4.5,0.0,0.0,0.0,0.0,0.0,0.0,0.0,0.0,0.0,0.0,0.0,0.0,4293462,4.5
BUR,Hladký,G,4.0,0.0,0.0,0.0,0.0,0.0,0.0,0.0,0.0,0.0,0.0,0.0,0.0,4293398,4.0
ARS,Dowman,M,5.0,0.0,0.0,0.0,0.0,0.0,0.0,0.0,0.0,0.0,0.0,0.0,0.0,4372993,5.0
LIV,Ramsay,D,4.5,0.0,0.0,0.0,0.0,0.0,0.0,0.0,0.0,0.0,0.0,0.0,0.0,4293353,4.5
WHU,Hermansen,G,4.5,0.0,0.0,0.0,0.0,0.0,0.0,0.0,0.0,0.0,0.0,0.0,0.0,3879516,4.5
LIV,Leoni,D,5.0,0.0,0.0,0.0,0.0,0.0,0.0,0.0,0.0,0.0,0.0,0.0,0.0,4368737,5.0
SUN,Patterson,G,4.5,0.0,0.0,0.0,0.0,0.0,0.0,0.0,0.0,0.0,0.0,0.0,0.0,4293441,4.5
CHE,Marc Guiu,F,5.0,0.0,0.0,0.0,0.0,0.0,0.0,0.0,0.0,0.0,0.0,0.0,0.0,3879488,5.0
CHE,Jörgensen,G,5.0,0.0,0.0,0.0,0.0,0.0,0.0,0.0,0.0,0.0,0.0,0.0,0.0,3907764,5.0
TOT,Kinsky,G,4.5,0.0,0.0,0.0,0.0,0.0,0.0,0.0,0.0,0.0,0.0,0.0,0.0,4050504,4.5
BRE,Carvalho,M,5.0,0.0,0.0,0.0,0.0,0.0,0.0,0.0,0.0,0.0,0.0,0.0,0.0,231167,5.0
BRE,Balcombe,G,4.0,0.0,0.0,0.0,0.0,0.0,0.0,0.0,0.0,0.0,0.0,0.0,0.0,4293389,4.0
CRY,Uche,F,5.0,0.0,0.0,0.0,0.0,0.0,0.0,0.0,0.0,0.0,0.0,0.0,0.0,4386949,5.0
BHA,Steele,G,4.0,0.0,0.0,0.0,0.0,0.0,0.0,0.0,0.0,0.0,0.0,0.0,0.0,197282,4.0
BUR,Barnes,F,5.0,0.0,0.0,0.0,0.0,0.0,0.0,0.0,0.0,0.0,0.0,0.0,0.0,4293414,5.0
BOU,Dennis,G,4.0,0.0,0.0,0.0,0.0,0.0,0.0,0.0,0.0,0.0,0.0,0.0,0.0,4054387,4.0
MUN,Heaton,G,4.0,0.0,0.0,0.0,0.0,0.0,0.0,0.0,0.0,0.0,0.0,0.0,0.0,176811,4.0
WOL,Bentley,G,4.0,0.0,0.0,0.0,0.0,0.0,0.0,0.0,0.0,0.0,0.0,0.0,0.0,2911676,4.0
SUN,Abdullahi,F,5.0,0.0,0.0,0.0,0.0,0.0,0.0,0.0,0.0,0.0,0.0,0.0,0.0,4293471,5.0
CHE,Mudryk,M,5.5,0.0,0.0,0.0,0.0,0.0,0.0,0.0,0.0,0.0,0.0,0.0,0.0,2867399,5.5
WOL,Fraser,F,5.0,0.0,0.0,0.0,0.0,0.0,0.0,0.0,0.0,0.0,0.0,0.0,0.0,4293395,5.0
SUN,Nna Noukeu,G,4.0,0.0,0.0,0.0,0.0,0.0,0.0,0.0,0.0,0.0,0.0,0.0,0.0,4293442,4.0
BRE,Cox,G,4.0,0.0,0.0,0.0,0.0,0.0,0.0,0.0,0.0,0.0,0.0,0.0,0.0,4293388,4.0
ARS,G.Jesus,F,6.5,0.0,0.0,0.0,0.0,0.0,0.0,0.0,0.0,0.0,0.0,0.0,0.0,32986,6.5
BUR,Weiss,G,4.0,0.0,0.0,0.0,0.0,0.0,0.0,0.0,0.0,0.0,0.0,0.0,0.0,4293396,4.0
MCI,Kovačić,M,6.0,0.0,0.0,0.0,0.0,0.0,0.0,0.0,0.0,0.0,0.0,0.0,0.0,92389,6.0
BUR,Amdouni,F,5.5,0.0,0.0,0.0,0.0,0.0,0.0,0.0,0.0,0.0,0.0,0.0,0.0,3628161,5.5
LIV,Bajcetic,M,4.5,0.0,0.0,0.0,0.0,0.0,0.0,0.0,0.0,0.0,0.0,0.0,0.0,2207564,4.5
CRY,Esse,M,5.0,0.0,0.0,0.0,0.0,0.0,0.0,0.0,0.0,0.0,0.0,0.0,0.0,4057906,5.0
CHE,George,M,5.0,0.0,0.0,0.0,0.0,0.0,0.0,0.0,0.0,0.0,0.0,0.0,0.0,4058256,5.0
BOU,Gannon-Doak,M,5.0,0.0,0.0,0.0,0.0,0.0,0.0,0.0,0.0,0.0,0.0,0.0,0.0,3639127,5.0
CRY,Doucouré,M,4.5,0.0,0.0,0.0,0.0,0.0,0.0,0.0,0.0,0.0,0.0,0.0,0.0,1812135,4.5
TOT,Dragusin,D,4.5,0.0,0.0,0.0,0.0,0.0,0.0,0.0,0.0,0.0,0.0,0.0,0.0,3745030,4.5
NFO,Jota,M,5.0,0.0,0.0,0.0,0.0,0.0,0.0,0.0,0.0,0.0,0.0,0.0,0.0,3924957,5.0
BRE,Konak,M,4.5,0.0,0.0,0.0,0.0,0.0,0.0,0.0,0.0,0.0,0.0,0.0,0.0,3879506,4.5
EVE,Travers,G,4.5,0.0,0.0,0.0,0.0,0.0,0.0,0.0,0.0,0.0,0.0,0.0,0.0,230737,4.5
CRY,J.Rak-Sakyi,M,4.5,0.0,0.0,0.0,0.0,0.0,0.0,0.0,0.0,0.0,0.0,0.0,0.0,3645684,4.5
MCI,Ortega Moreno,G,5.5,0.0,0.0,0.0,0.0,0.0,0.0,0.0,0.0,0.0,0.0,0.0,0.0,1758327,5.5
ARS,Arrizabalaga,G,5.5,0.0,0.0,0.0,0.0,0.0,0.0,0.0,0.0,0.0,0.0,0.0,0.0,92390,5.5
BHA,Webster,D,4.5,0.0,0.0,0.0,0.0,0.0,0.0,0.0,0.0,0.0,0.0,0.0,0.0,139208,4.5
CHE,D.Essugo,M,4.5,0.0,0.0,0.0,0.0,0.0,0.0,0.0,0.0,0.0,0.0,0.0,0.0,4293363,4.5
CHE,Colwill,D,5.0,0.0,0.0,0.0,0.0,0.0,0.0,0.0,0.0,0.0,0.0,0.0,0.0,2024700,5.0
TOT,Takai,D,4.0,0.0,0.0,0.0,0.0,0.0,0.0,0.0,0.0,0.0,0.0,0.0,0.0,4297981,4.0
TOT,Maddison,M,6.5,0.0,0.0,0.0,0.0,0.0,0.0,0.0,0.0,0.0,0.0,0.0,0.0,88492,6.5
NFO,John,G,5.0,0.0,0.0,0.0,0.0,0.0,0.0,0.0,0.0,0.0,0.0,0.0,0.0,4386447,5.0
MCI,Phillips,M,4.5,0.0,0.0,0.0,0.0,0.0,0.0,0.0,0.0,0.0,0.0,0.0,0.0,176648,4.5
MUN,Bayindir,G,4.5,0.0,0.0,0.0,0.0,0.0,0.0,0.0,0.0,0.0,0.0,0.0,0.0,3651913,4.5
BRE,Donovan,M,4.5,0.0,0.0,0.0,0.0,0.0,0.0,0.0,0.0,0.0,0.0,0.0,0.0,4293391,4.5
WHU,G.Rodriguez,M,4.5,0.0,0.0,0.0,0.0,0.0,0.0,0.0,0.0,0.0,0.0,0.0,0.0,3914568,4.5
MUN,D.Leon,D,4.0,0.0,0.0,0.0,0.0,0.0,0.0,0.0,0.0,0.0,0.0,0.0,0.0,4293368,4.0
FUL,Kusi-Asare,F,5.0,0.0,0.0,0.0,0.0,0.0,0.0,0.0,0.0,0.0,0.0,0.0,0.0,4387246,5.0
LIV,Nyoni,M,4.5,0.0,0.0,0.0,0.0,0.0,0.0,0.0,0.0,0.0,0.0,0.0,0.0,4355523,4.5
WHU,Ward-Prowse,M,5.0,0.0,0.0,0.0,0.0,0.0,0.0,0.0,0.0,0.0,0.0,0.0,0.0,23404,5.0
WOL,José Sá,G,4.5,0.0,0.0,0.0,0.0,0.0,0.0,0.0,0.0,0.0,0.0,0.0,0.0,231959,4.5
BUR,Trésor,M,5.0,0.0,0.0,0.0,0.0,0.0,0.0,0.0,0.0,0.0,0.0,0.0,0.0,3652439,5.0
CRY,Benitez,G,4.5,0.0,0.0,0.0,0.0,0.0,0.0,0.0,0.0,0.0,0.0,0.0,0.0,4293386,4.5
TOT,Scarlett,F,5.0,0.0,0.0,0.0,0.0,0.0,0.0,0.0,0.0,0.0,0.0,0.0,0.0,4068230,5.0
BUR,Roberts,D,4.5,0.0,0.0,0.0,0.0,0.0,0.0,0.0,0.0,0.0,0.0,0.0,0.0,4293403,4.5
LIV,R.Williams,D,4.5,0.0,0.0,0.0,0.0,0.0,0.0,0.0,0.0,0.0,0.0,0.0,0.0,192955,4.5
SUN,Matete,M,4.5,0.0,0.0,0.0,0.0,0.0,0.0,0.0,0.0,0.0,0.0,0.0,0.0,4293461,4.5
MCI,Bettinelli,G,5.0,0.0,0.0,0.0,0.0,0.0,0.0,0.0,0.0,0.0,0.0,0.0,0.0,237977,5.0
NEW,Ashby,D,4.5,0.0,0.0,0.0,0.0,0.0,0.0,0.0,0.0,0.0,0.0,0.0,0.0,273787,4.5
MCI,Trafford,G,4.5,0.0,0.0,0.0,0.0,0.0,0.0,0.0,0.0,0.0,0.0,0.0,0.0,3628567,4.5
SUN,Hjelde,D,4.0,0.0,0.0,0.0,0.0,0.0,0.0,0.0,0.0,0.0,0.0,0.0,0.0,4293450,4.0
BRE,Milambo,M,5.5,0.0,0.0,0.0,0.0,0.0,0.0,0.0,0.0,0.0,0.0,0.0,0.0,4293392,5.5
CHE,Slonina,G,4.5,0.0,0.0,0.0,0.0,0.0,0.0,0.0,0.0,0.0,0.0,0.0,0.0,4293360,4.5
EVE,Tyrer,G,4.0,0.0,0.0,0.0,0.0,0.0,0.0,0.0,0.0,0.0,0.0,0.0,0.0,4293384,4.0
LEE,Cairns,G,4.0,0.0,0.0,0.0,0.0,0.0,0.0,0.0,0.0,0.0,0.0,0.0,0.0,4293417,4.0
CRY,Ahamada,M,4.5,0.0,0.0,0.0,0.0,0.0,0.0,0.0,0.0,0.0,0.0,0.0,0.0,2930174,4.5
AVL,M.Bizot,G,4.5,0.0,0.0,0.0,0.0,0.0,0.0,0.0,0.0,0.0,0.0,0.0,0.0,4307741,4.5
FUL,Lecomte,G,4.0,0.0,0.0,0.0,0.0,0.0,0.0,0.0,0.0,0.0,0.0,0.0,0.0,4329251,4.0
WOL,Gonzalez,M,4.5,0.0,0.0,0.0,0.0,0.0,0.0,0.0,0.0,0.0,0.0,0.0,0.0,3924958,4.5
MUN,Fredricson,D,4.0,0.0,0.0,0.0,0.0,0.0,0.0,0.0,0.0,0.0,0.0,0.0,0.0,4169942,4.0
SUN,Pembele,D,4.0,0.0,0.0,0.0,0.0,0.0,0.0,0.0,0.0,0.0,0.0,0.0,0.0,4293452,4.0
LIV,Woodman,G,4.0,0.0,0.0,0.0,0.0,0.0,0.0,0.0,0.0,0.0,0.0,0.0,0.0,4293352,4.0
BRE,Valdimarsson,G,4.0,0.0,0.0,0.0,0.0,0.0,0.0,0.0,0.0,0.0,0.0,0.0,0.0,3757741,4.0
LIV,Pécsi,G,4.5,0.0,0.0,0.0,0.0,0.0,0.0,0.0,0.0,0.0,0.0,0.0,0.0,4293351,4.5
CRY,Rodney,M,4.5,0.0,0.0,0.0,0.0,0.0,0.0,0.0,0.0,0.0,0.0,0.0,0.0,4056075,4.5
NFO,Boly,D,4.0,0.0,0.0,0.0,0.0,0.0,0.0,0.0,0.0,0.0,0.0,0.0,0.0,88556,4.0
WHU,Fabianski,G,4.0,0.0,0.0,0.0,0.0,0.0,0.0,0.0,0.0,0.0,0.0,0.0,0.0,4394446,4.0
BRE,Maghoma,M,4.5,0.0,0.0,0.0,0.0,0.0,0.0,0.0,0.0,0.0,0.0,0.0,0.0,4033392,4.5
EVE,King,G,4.0,0.0,0.0,0.0,0.0,0.0,0.0,0.0,0.0,0.0,0.0,0.0,0.0,3879502,4.0
SUN,Moore,G,4.0,0.0,0.0,0.0,0.0,0.0,0.0,0.0,0.0,0.0,0.0,0.0,0.0,4293443,4.0
NEW,Gillespie,G,4.0,0.0,0.0,0.0,0.0,0.0,0.0,0.0,0.0,0.0,0.0,0.0,0.0,4293366,4.0
CRY,Matthews,G,4.0,0.0,0.0,0.0,0.0,0.0,0.0,0.0,0.0,0.0,0.0,0.0,0.0,3947060,4.0
LEE,Darlow,G,4.0,0.0,0.0,0.0,0.0,0.0,0.0,0.0,0.0,0.0,0.0,0.0,0.0,4293416,4.0
TOT,Austin,G,4.0,0.0,0.0,0.0,0.0,0.0,0.0,0.0,0.0,0.0,0.0,0.0,0.0,1677507,4.0
WOL,Chirewa,M,4.5,0.0,0.0,0.0,0.0,0.0,0.0,0.0,0.0,0.0,0.0,0.0,0.0,4293393,4.5
BUR,Hannibal,M,4.5,-0.32,0.19,-0.05,0.45,0.0,0.0,0.0,-0.51,-0.14,-0.43,0.64,-0.17,3663310,4.5
SUN,O'Nien,D,4.0,0.0,0.0,0.0,-0.5,0.05,0.82,-0.06,-0.08,-0.21,-0.26,-0.14,-0.36,4293446,4.0
BUR,Jordan,D,4.0,0.0,0.0,0.0,0.0,0.0,0.0,0.0,0.0,0.0,0.0,-0.5,-0.5,3584356,4.0
LEE,Bornauw,D,4.5,0.0,0.0,-0.8,-0.26,-0.06,0.72,-0.69,0.34,-0.48,0.44,0.12,-0.66,4293419,4.5
LEE,Harrison,M,5.0,0.0,-0.37,-0.58,-0.21,0.15,0.91,-0.89,0.39,-0.59,0.45,0.05,-0.7,4293435,5.0
BUR,Sonne,D,4.0,0.0,-0.31,-0.84,-0.05,-0.17,0.43,0.13,-0.23,-0.01,-0.9,-0.11,-2.06,4293404,4.0
BUR,Worrall,D,4.0,0.0,0.0,0.0,0.0,-1.23,-0.23,-0.78,0.0,0.0,0.0,0.0,-2.24,230975,4.0
SUN,Masuaku,D,4.0,0.0,-1.43,-1.05,-0.32,0.0,0.0,0.0,-0.31,-0.33,0.0,-0.19,-3.62,4348748,4.0
BUR,Humphreys,D,4.0,0.0,-0.55,-1.05,-0.1,-0.38,0.22,-0.05,-0.55,-0.17,-0.88,-0.24,-3.75,4293400,4.0
BUR,Lucas Pires,D,4.0,0.0,0.0,-1.35,-0.43,-0.61,0.13,-0.29,-0.71,-0.23,-1.2,-0.31,-5.0,4293401,4.0
