fpl_code,team,player,pos,cost,1,2,3,4,5,6,7,8,9,10,total_pts,ppm
223094,MCI,Haaland,F,8.5,12.74,10.56,14.89,10.07,11.76,10.35,14.53,9.81,10.9,10.42,116.03,13.65
440993,EVE,Ndiaye,M,3.5,14.58,8.78,8.63,8.08,10.19,9.12,7.78,5.83,7.86,10.11,90.96,25.99
502500,BRE,Thiago,F,4.5,13.49,8.26,8.46,7.98,7.83,6.79,7.83,8.76,8.03,6.82,84.24,18.72
223340,ARS,Saka,M,5.5,6.46,6.53,7.36,7.67,7.06,8.17,7.37,7.18,6.49,8.91,73.2,13.31
222531,NFO,Gibbs-White,M,4.0,14.75,6.34,7.25,5.83,8.19,5.87,4.52,6.99,6.13,4.81,70.67,17.67
141746,MUN,B.Fernandes,M,7.0,7.83,8.05,6.21,5.17,5.78,6.65,6.17,6.62,5.53,5.87,63.89,9.13
244851,CHE,Palmer,M,5.0,12.1,6.23,4.17,7.12,5.98,6.21,5.07,5.78,5.45,5.15,63.27,12.65
243298,LIV,Gakpo,M,4.5,6.84,6.98,7.67,6.55,6.22,5.35,6.26,5.95,4.39,5.73,61.95,13.77
232185,CRY,Sarr,M,4.5,6.41,5.26,5.97,7.69,5.97,6.3,5.72,6.21,5.97,6.12,61.62,13.69
449434,NEW,Elanga,M,3.0,11.38,5.94,6.0,5.08,6.39,5.7,5.33,4.64,5.15,4.7,60.32,20.11
441164,TOT,Pedro Porro,D,4.0,9.41,6.06,5.3,6.22,5.44,4.2,7.25,4.54,5.99,5.1,59.5,14.87
487838,NEW,Hall,D,3.5,10.28,5.22,5.29,4.82,6.52,5.88,4.75,5.04,5.34,4.75,57.89,16.54
486672,CHE,Caicedo,M,3.5,10.94,5.35,3.9,6.54,5.01,5.28,4.92,5.43,4.79,5.0,57.16,16.33
226597,ARS,Gabriel,D,5.5,7.25,5.33,5.59,6.01,5.18,5.76,5.16,5.69,4.45,6.11,56.53,10.28
430871,MUN,Cunha,M,4.5,6.64,7.33,5.16,4.52,4.97,6.05,5.24,5.55,5.13,5.4,55.98,12.44
122806,AVL,McGinn,M,4.0,6.19,4.83,6.51,5.94,5.74,5.9,5.43,4.39,5.54,5.21,55.69,13.92
215136,NFO,N.Williams,D,4.0,11.55,4.32,6.06,4.39,6.5,4.99,3.54,5.76,4.34,3.65,55.12,13.78
475168,CHE,João Pedro,F,5.0,8.83,5.21,3.53,6.39,4.75,5.39,4.68,5.42,4.77,4.77,53.72,10.74
460028,CHE,Colwill,D,3.5,11.53,5.49,3.23,5.65,4.32,4.51,4.42,4.63,3.85,4.58,52.22,14.92
177815,LEE,Calvert-Lewin,F,3.5,9.44,5.89,4.59,5.15,5.15,3.47,4.66,4.36,4.71,4.65,52.06,14.88
441264,SUN,Brobbey,F,3.0,6.51,5.66,5.2,3.77,4.13,4.91,5.06,5.45,5.74,5.43,51.84,17.28
247348,CRY,Muñoz,D,5.0,5.48,4.21,5.04,6.88,5.19,5.25,4.41,5.44,5.16,4.75,51.8,10.36
215413,EVE,Dewsbury-Hall,M,3.5,8.9,4.71,4.64,4.72,5.53,5.04,4.51,3.27,4.29,5.36,50.97,14.56
231416,BHA,F.Kadıoğlu,D,3.5,5.7,4.92,5.8,6.14,3.76,5.53,5.88,3.99,3.26,5.16,50.15,14.33
493250,MUN,Amad,M,3.5,6.97,6.27,4.4,3.65,4.27,5.36,4.46,5.19,4.53,4.7,49.79,14.23
494595,LIV,Wirtz,M,5.0,5.63,5.83,5.97,5.07,5.09,4.09,4.8,4.96,3.61,4.72,49.75,9.95
201658,BOU,Tavernier,M,3.0,4.47,5.61,5.02,5.52,4.93,4.55,5.27,4.44,4.77,4.53,49.11,16.37
216646,NEW,Wissa,F,3.0,9.03,4.02,4.95,4.42,5.67,4.82,3.58,4.31,4.15,3.75,48.69,16.23
97032,LIV,Virgil,D,5.0,4.86,5.66,6.07,5.63,4.52,3.65,4.6,5.03,3.46,5.17,48.64,9.73
448047,CHE,Enzo,M,5.0,5.41,5.05,3.43,6.18,4.8,4.99,4.45,4.88,4.38,4.44,48.01,9.6
154561,ARS,Raya,G,5.0,5.57,4.46,4.91,4.86,4.55,4.95,4.49,4.92,3.99,5.16,47.86,9.57
424876,LIV,Szoboszlai,M,6.0,4.91,5.34,5.54,4.82,4.77,3.88,4.72,4.66,3.51,4.61,46.75,7.79
219847,ARS,Havertz,F,4.5,6.67,4.63,4.89,4.67,3.88,4.55,4.02,4.2,3.93,5.23,46.68,10.37
472769,MCI,O'Reilly,D,5.0,4.61,4.89,6.06,3.75,5.15,3.73,5.67,3.88,4.49,4.14,46.37,9.27
219168,LIV,Isak,F,6.0,4.71,4.89,5.23,4.81,4.77,4.06,4.77,4.63,3.53,4.6,46.02,7.67
480455,EVE,Branthwaite,D,3.0,9.32,3.56,3.63,4.13,5.32,4.67,3.84,2.5,3.6,5.08,45.65,15.22
166989,MUN,Tielemans,M,4.5,3.85,6.0,4.57,4.07,4.33,4.87,4.69,4.78,4.23,4.24,45.62,10.14
441302,AVL,Maatsen,D,3.5,4.7,3.57,5.82,5.18,4.78,4.92,4.34,3.57,5.06,3.53,45.47,12.99
446008,MUN,Mbeumo,M,4.5,5.7,5.63,4.33,3.79,4.11,4.66,4.21,4.46,4.05,4.26,45.21,10.05
477424,MCI,Gvardiol,D,5.0,5.01,4.73,5.49,3.72,5.02,3.67,5.25,3.9,4.22,4.06,45.07,9.01
484420,SUN,E.Le Fée,M,3.0,5.42,4.59,4.86,3.72,3.59,4.62,4.54,4.81,4.87,4.03,45.06,15.02
489639,BHA,Verbruggen,G,4.0,4.54,4.27,4.9,4.75,4.2,4.45,5.28,3.84,3.69,4.73,44.65,11.16
204480,ARS,Rice,M,5.0,2.64,4.13,4.78,5.34,4.39,4.76,4.45,4.48,4.03,5.15,44.14,8.83
466525,LEE,Stach,M,3.0,6.71,4.59,4.02,4.39,4.27,3.07,4.14,4.24,3.95,4.5,43.88,14.63
209036,MCI,Guéhi,D,5.0,3.57,4.7,5.5,3.58,5.15,3.66,5.36,3.87,4.37,4.0,43.77,8.75
169528,FUL,Robinson,D,3.0,8.42,4.47,4.49,2.97,3.43,4.32,4.73,4.18,2.98,3.78,43.76,14.59
17761,EVE,Tarkowski,D,3.0,8.95,3.47,3.47,3.82,5.05,4.47,3.72,2.39,3.38,4.83,43.57,14.52
204936,MCI,Donnarumma,G,4.5,4.48,4.56,5.04,3.62,4.79,3.6,5.04,3.74,4.48,4.04,43.38,9.64
84450,SUN,Xhaka,M,3.0,5.26,4.6,4.55,3.58,3.41,4.52,4.29,4.52,4.65,3.81,43.2,14.4
477555,FUL,Bobb,M,3.0,7.02,4.41,4.18,3.7,3.93,4.28,4.35,4.11,3.44,3.66,43.08,14.36
248875,MCI,Doku,M,5.0,3.7,4.44,5.46,4.49,4.76,4.16,4.79,3.72,3.83,3.61,42.96,8.59
533463,BRE,O.Dango,M,3.0,6.92,4.17,4.45,4.12,4.05,3.65,3.82,4.29,3.83,3.52,42.83,14.28
153682,LEE,Wilson,M,3.5,7.94,4.4,3.71,4.2,3.85,2.77,3.96,3.94,3.79,4.26,42.82,12.23
469142,TOT,Van Hecke,D,3.5,7.15,4.39,3.79,4.5,3.89,2.88,5.14,3.17,4.23,3.58,42.73,12.21
466052,MCI,Cherki,M,5.0,3.29,3.47,5.33,4.06,4.65,4.07,5.31,3.86,4.37,4.23,42.64,8.53
153133,FUL,Iwobi,M,3.0,8.0,4.27,3.97,3.62,3.77,4.08,4.13,3.93,3.15,3.59,42.52,14.17
465351,MCI,Matheus N.,D,5.0,4.88,4.66,5.27,3.41,4.69,3.38,4.9,3.44,3.97,3.63,42.23,8.45
209244,MCI,Foden,M,4.5,5.63,4.25,4.88,3.75,4.2,3.56,4.82,3.63,3.76,3.76,42.23,9.38
116535,LIV,A.Becker,G,4.5,4.06,4.44,4.45,4.6,3.94,3.91,3.88,4.46,3.8,4.44,41.98,9.33
85633,NFO,Sels,G,2.5,6.69,3.33,4.11,3.43,4.66,4.28,3.6,4.2,3.7,3.63,41.63,16.65
178301,AVL,Watkins,F,5.0,4.52,3.42,4.84,4.53,4.15,4.68,4.04,3.44,4.1,3.82,41.54,8.31
232892,FUL,Bassey,D,3.0,8.06,4.16,4.37,2.73,3.09,4.06,4.63,4.06,2.83,3.48,41.46,13.82
511499,TOT,Tel,M,3.0,7.37,4.44,4.0,4.07,3.76,3.44,4.27,3.35,3.54,3.2,41.42,13.81
498016,SUN,Roefs,G,3.0,4.45,4.61,3.83,3.78,3.26,4.43,3.82,4.48,4.36,4.28,41.28,13.76
210462,NFO,Sangaré,M,3.0,6.72,4.14,4.22,3.92,4.06,3.96,3.36,4.01,3.43,3.41,41.23,13.74
80201,FUL,Leno,G,3.0,6.32,3.87,4.55,2.97,3.53,4.07,4.54,4.07,3.14,3.93,41.01,13.67
60307,BHA,Groß,M,3.5,4.58,4.13,4.43,4.79,3.3,4.49,4.14,3.7,3.36,3.9,40.81,11.66
111234,EVE,Pickford,G,3.5,6.86,3.45,3.64,3.48,4.57,4.1,3.88,2.78,3.49,4.51,40.76,11.65
611922,LIV,Ngumoha,M,3.5,5.5,5.12,4.54,3.92,4.13,3.07,3.9,4.02,2.73,3.78,40.72,11.64
222694,BHA,Struijk,D,3.0,1.59,2.84,5.49,5.45,3.69,4.19,5.86,3.41,2.56,5.57,40.65,13.55
200720,BRE,Kelleher,G,3.0,6.26,3.71,4.38,3.52,4.01,3.25,3.61,4.17,4.05,3.59,40.55,13.52
159506,NFO,Aina,D,2.5,7.12,3.19,4.57,3.29,5.1,3.94,2.86,4.25,3.28,2.82,40.42,16.17
465642,NEW,Thiaw,D,3.5,6.13,3.61,3.69,3.49,4.79,4.2,3.43,3.64,3.92,3.38,40.28,11.51
199798,AVL,Konsa,D,4.0,4.17,3.26,5.13,4.63,4.17,4.23,3.81,3.11,4.7,3.01,40.22,10.05
435997,LEE,Okafor,F,3.0,6.11,4.16,3.71,4.02,3.9,2.75,3.87,3.73,3.66,4.25,40.16,13.39
485711,MUN,Šeško,F,4.0,2.18,4.27,4.34,3.73,4.11,4.71,4.2,4.42,3.96,4.18,40.09,10.02
441191,NEW,Livramento,D,3.0,5.47,3.69,3.74,3.5,4.86,4.29,3.43,3.71,4.06,3.3,40.06,13.35
607464,BRE,Kayode,D,3.0,6.91,3.72,4.65,3.34,3.57,3.0,3.39,4.26,3.81,3.35,40.01,13.34
503139,BOU,Scott,M,3.0,3.78,4.37,3.95,4.13,4.13,3.69,4.16,3.69,3.83,3.91,39.64,13.21
98980,AVL,Martinez,G,4.0,3.85,3.67,4.29,4.28,3.65,4.2,3.77,3.66,4.4,3.38,39.14,9.79
208706,ARS,Bruno G.,M,4.0,4.48,3.67,4.03,3.83,3.78,4.23,3.62,3.78,3.52,4.21,39.14,9.78
610799,BHA,Vuskovic,D,3.5,4.94,3.83,4.19,4.56,2.97,4.16,4.38,3.3,2.62,3.82,38.76,11.08
466075,ARS,Calafiori,D,4.5,5.1,3.55,3.81,4.13,3.5,3.94,3.48,3.86,3.05,4.32,38.76,8.61
494521,BOU,Truffert,D,3.5,2.4,4.81,3.66,4.18,3.65,3.24,4.81,2.87,4.34,4.58,38.55,11.01
224967,EVE,Mykolenko,D,2.5,8.15,2.96,2.98,3.41,4.43,3.92,3.22,2.1,2.92,4.35,38.45,15.38
220237,NEW,Botman,D,3.0,7.37,3.41,3.5,3.2,3.95,3.85,3.13,3.38,3.43,3.11,38.34,12.78
216051,MUN,Dalot,D,4.0,4.84,5.16,3.89,2.9,3.63,4.12,3.58,3.64,2.97,3.48,38.21,9.55
167074,FUL,Tete,D,2.5,7.48,3.79,3.85,2.67,2.96,3.62,4.04,3.68,2.79,3.24,38.11,15.24
201666,NEW,Barnes,M,3.5,6.91,3.55,3.67,3.35,3.96,3.65,3.35,3.01,3.4,3.15,37.99,10.86
432830,BRE,Collins,D,3.0,8.1,3.53,4.45,3.03,3.44,2.8,2.95,3.53,3.31,2.73,37.88,12.63
432422,TOT,Tonali,M,3.5,6.95,3.67,3.45,3.57,3.33,3.27,3.82,3.16,3.34,3.31,37.87,10.82
444102,BOU,Evanilson,F,3.5,3.52,4.28,3.85,4.04,4.01,3.69,4.06,3.42,3.47,3.46,37.81,10.8
199796,AVL,Cash,D,4.0,3.85,3.05,4.93,4.25,4.04,4.1,3.55,2.92,4.27,2.85,37.8,9.45
220627,LEE,Justin,D,2.5,7.32,4.0,3.18,3.37,3.87,2.09,3.0,3.59,2.96,3.84,37.23,14.89
482973,NFO,Igor Jesus,F,3.0,6.23,3.46,4.02,3.3,4.18,3.27,2.59,3.66,3.3,2.96,36.98,12.33
515621,CRY,Chadi Riad,D,3.0,4.18,3.13,3.79,4.74,3.66,3.73,3.35,3.74,3.52,3.11,36.96,12.32
200785,BOU,Adams,M,3.0,3.12,4.21,3.86,3.83,3.92,3.56,3.92,3.27,3.55,3.59,36.84,12.28
207283,BRE,Jensen,M,2.5,6.7,3.46,3.7,3.3,3.35,3.11,3.32,3.57,3.24,3.05,36.8,14.72
457569,BOU,Petrović,G,3.5,2.73,4.18,3.47,3.91,3.51,3.35,4.2,3.0,4.06,4.02,36.44,10.41
496221,CRY,Wharton,M,3.5,4.03,3.3,3.57,4.35,3.62,3.63,3.35,3.49,3.58,3.4,36.32,10.38
215059,CHE,Sánchez,G,3.5,5.67,3.64,2.38,4.25,3.12,3.53,3.41,3.5,3.21,3.46,36.16,10.33
432720,LEE,Trafford,G,3.0,5.01,3.75,3.27,3.78,4.25,2.45,3.31,3.57,3.09,3.59,36.05,12.02
465247,MUN,Lammens,G,4.0,4.0,4.42,3.55,3.0,3.55,3.75,3.4,3.66,3.13,3.49,35.94,8.98
441266,LIV,Gravenberch,M,4.0,3.97,3.85,4.0,3.67,3.59,3.33,3.44,3.57,2.92,3.45,35.79,8.95
575476,NFO,Murillo,D,3.0,5.76,2.8,3.98,2.9,4.64,3.63,2.53,3.97,3.01,2.57,35.78,11.93
244850,CHE,Rogers,M,5.0,6.84,3.41,2.6,3.83,3.08,3.4,3.06,3.18,3.0,3.18,35.59,7.12
467779,BHA,Wieffer,D,3.5,3.85,3.31,4.28,4.49,2.79,3.98,4.05,2.82,2.31,3.62,35.5,10.14
547027,SUN,Diarra,M,3.0,3.0,3.16,3.11,2.57,2.79,3.52,3.9,4.6,4.53,4.29,35.47,11.82
221820,MUN,Martinez,D,4.0,0.98,3.93,4.39,3.18,4.08,4.29,3.72,3.83,3.13,3.56,35.09,8.77
215379,MCI,Anderson,M,4.5,2.95,3.66,4.17,3.44,3.78,3.33,3.93,3.2,3.32,3.29,35.06,7.79
212319,TOT,Richarlison,F,3.5,8.54,3.35,2.73,3.06,2.85,2.59,3.54,2.57,2.81,2.87,34.91,9.97
437730,MCI,Semenyo,M,6.0,4.02,3.58,3.96,3.27,3.65,3.14,3.63,3.17,3.07,3.17,34.67,5.78
463981,BOU,Hill,D,3.0,2.19,4.31,3.32,3.68,3.31,3.01,4.31,2.53,3.83,4.06,34.56,11.52
227444,NFO,Milenković,D,3.0,6.07,2.56,3.79,2.72,4.35,3.51,2.47,3.85,2.8,2.42,34.54,11.51
244723,CRY,Mitchell,D,4.5,3.83,2.85,3.51,4.48,3.36,3.54,3.1,3.42,3.32,3.04,34.46,7.66
172649,CRY,Henderson,G,4.0,3.51,2.82,3.49,4.29,3.33,3.79,3.13,3.65,3.17,3.1,34.28,8.57
651426,CRY,Canvot,D,3.5,3.7,2.62,3.5,4.57,3.31,3.66,2.98,3.51,3.28,3.06,34.2,9.77
460842,TOT,Kudus,M,4.0,3.76,3.27,3.77,3.66,3.3,3.24,3.77,2.94,3.35,3.11,34.18,8.55
209046,NFO,Hudson-Odoi,M,3.0,5.91,3.17,3.6,3.05,3.87,3.0,2.43,3.44,2.95,2.65,34.07,11.36
532529,BHA,Hinshelwood,M,3.5,3.88,3.6,3.91,3.8,2.79,3.51,3.28,3.14,2.73,3.35,33.98,9.71
509416,BHA,Ayari,M,3.5,5.21,3.82,3.45,3.68,2.41,2.99,3.24,3.06,2.58,3.54,33.98,9.71
500040,ARS,Mosquera,D,4.5,4.68,3.28,3.55,3.84,3.25,3.67,2.94,3.29,2.46,3.01,33.97,7.55
551226,TOT,Fernandes,M,3.5,6.27,3.37,3.07,3.25,2.93,2.97,3.38,2.8,2.95,2.92,33.92,9.69
216094,LIV,Frimpong,D,4.5,3.82,4.27,4.47,4.11,3.2,2.5,2.8,3.2,2.33,3.2,33.9,7.53
226182,LEE,Bogle,D,2.5,5.0,3.65,3.0,3.52,3.91,1.85,2.84,3.66,2.77,3.69,33.9,13.56
437499,CHE,Lacroix,D,4.0,7.66,3.69,1.99,3.68,2.61,2.88,2.7,3.0,2.47,3.0,33.69,8.42
513418,BRE,Schade,M,3.0,5.92,3.25,3.29,3.06,3.05,2.84,3.03,3.32,2.94,2.77,33.47,11.16
232928,EVE,Garner,M,3.5,0.0,1.38,2.92,4.3,4.74,4.51,3.88,3.11,3.81,4.57,33.22,9.49
485055,TOT,Kinsky,G,3.0,4.91,3.31,2.84,3.57,2.94,2.2,3.85,2.53,3.73,2.83,32.72,10.91
538207,NEW,Osula,F,3.0,5.29,3.03,3.02,2.86,3.63,3.31,3.04,2.75,3.04,2.69,32.66,10.89
463067,BHA,Georginio,F,3.5,3.81,3.65,4.0,3.93,2.81,3.14,2.96,2.8,2.39,2.97,32.45,9.27
171314,MCI,Rúben,D,4.5,3.5,3.19,3.88,2.6,3.63,2.69,3.89,2.78,3.2,3.04,32.4,7.2
200834,SUN,Mukiele,D,3.0,1.89,3.74,3.35,2.6,2.11,3.78,3.11,4.0,4.31,3.49,32.38,10.79
427623,CRY,Richards,D,4.0,3.57,2.45,3.34,4.36,3.21,3.42,2.83,3.26,3.03,2.8,32.27,8.07
191866,BRE,Ajer,D,2.5,7.2,3.25,4.0,2.66,3.07,2.45,2.43,2.87,1.95,2.18,32.08,12.83
225796,CHE,James,D,4.0,5.76,3.34,2.03,3.68,2.69,2.79,2.94,3.12,2.5,3.15,32.0,8.0
470313,NEW,Woltemade,F,3.0,5.01,3.11,3.19,2.92,3.27,3.26,2.89,2.64,2.9,2.65,31.84,10.61
434752,LEE,Bijol,D,2.5,4.71,3.41,2.78,3.3,3.7,1.72,2.65,3.43,2.57,3.48,31.74,12.7
219924,IPS,Diop,D,2.0,7.75,1.74,2.54,3.03,2.92,3.29,1.14,2.93,3.52,2.63,31.49,15.75
223827,SUN,Ballard,D,3.0,4.15,3.78,2.93,2.38,1.92,3.23,2.8,3.46,3.77,3.04,31.47,10.49
586309,EVE,Barry,F,2.5,4.72,3.1,2.95,3.0,3.42,3.1,2.94,2.22,2.73,3.28,31.46,12.58
226944,AVL,Kamara,M,3.5,3.81,3.03,3.56,2.99,3.24,3.02,2.96,2.71,3.06,3.04,31.42,8.98
434399,SUN,Reinildo,D,2.5,4.09,3.85,2.85,2.48,1.88,3.41,2.72,3.52,3.71,2.93,31.42,12.57
154566,TOT,Solanke,F,3.5,3.76,3.25,3.08,3.09,2.79,2.86,3.46,2.72,3.22,2.85,31.08,8.88
106760,MUN,Shaw,D,3.5,4.0,4.28,3.21,2.27,3.03,3.37,2.85,2.85,2.4,2.8,31.05,8.87
231747,CRY,Mateta,F,4.0,1.47,3.05,3.15,3.83,3.26,3.31,3.09,3.28,3.17,3.3,30.92,7.73
493105,AVL,Garnacho,M,3.5,3.43,2.6,3.53,3.17,3.15,3.22,2.99,2.62,3.04,2.85,30.6,8.74
240514,IPS,Scherpen,G,2.0,5.61,2.31,2.76,3.16,2.77,3.16,1.94,2.94,2.99,2.86,30.51,15.25
214225,LEE,Rodon,D,2.5,4.63,3.27,2.66,3.14,3.58,1.67,2.55,3.24,2.46,3.29,30.49,12.2
201895,SUN,Alderete,D,3.0,1.64,3.35,3.11,2.71,2.09,3.62,2.93,3.65,3.78,3.28,30.17,10.06
95658,MUN,Maguire,D,3.5,4.34,4.66,3.46,2.42,3.23,2.79,2.44,2.25,2.07,2.34,30.0,8.57
184029,ARS,Ødegaard,M,4.5,5.0,3.34,2.92,2.85,2.41,2.93,2.58,2.73,2.2,3.03,30.0,6.67
222683,BOU,Kluivert,M,3.5,2.87,3.53,2.97,3.34,3.18,2.9,3.31,2.76,2.75,2.35,29.96,8.56
547719,NEW,L.Miley,M,3.0,6.12,2.81,2.73,2.73,2.8,2.72,2.49,2.41,2.59,2.53,29.93,9.98
487676,SUN,Hume,D,2.5,3.97,3.43,2.78,2.41,1.94,3.08,2.64,3.25,3.45,2.89,29.83,11.93
195546,AVL,Buendía,M,3.5,3.51,2.52,3.36,2.99,3.07,3.09,2.87,2.61,2.99,2.82,29.83,8.52
199598,LEE,Ampadu,M,2.5,4.43,2.9,2.88,2.89,2.88,2.45,2.74,2.82,2.67,2.88,29.54,11.82
209400,CRY,Kamada,M,3.0,3.16,2.79,2.88,3.61,2.91,2.86,2.47,2.81,2.85,2.78,29.13,9.71
445122,ARS,J.Timber,D,5.0,0.0,0.0,0.68,1.46,3.09,4.8,4.22,4.92,3.93,5.53,28.63,5.73
560552,FUL,Kevin,M,3.0,2.6,2.75,2.36,2.94,3.09,3.1,3.17,3.04,2.47,2.86,28.38,9.46
440089,BRE,Damsgaard,M,3.0,4.5,2.36,2.69,2.72,2.59,2.56,2.55,2.96,2.7,2.34,27.98,9.33
451340,BHA,Mitoma,M,4.0,0.0,1.67,3.36,3.88,2.75,3.44,3.34,3.24,2.83,3.44,27.96,6.99
174874,FUL,Andersen,D,3.0,0.0,3.38,3.52,2.27,2.57,3.47,3.92,3.4,2.4,3.0,27.92,9.31
544877,LIV,Kerkez,D,4.5,2.8,3.26,3.61,3.25,2.49,2.07,2.5,2.88,2.02,2.9,27.8,6.18
465730,BHA,De Cuyper,D,3.5,4.63,3.26,2.79,2.8,1.74,2.81,2.76,2.21,1.88,2.9,27.77,7.94
427637,LEE,Aaronson,M,2.5,2.92,2.43,2.24,2.79,2.83,1.93,2.99,3.02,2.87,3.44,27.45,10.98
207189,FUL,Berge,M,3.0,4.94,2.72,2.59,2.45,2.53,2.52,2.58,2.37,2.29,2.37,27.37,9.12
491279,TOT,Van de Ven,D,3.5,4.22,2.69,2.33,3.09,2.39,1.61,3.56,1.95,3.07,2.42,27.33,7.81
249231,BRE,Lewis-Potter,M,2.5,5.25,2.65,2.58,2.53,2.6,2.29,2.45,2.3,2.4,2.0,27.06,10.83
195384,ARS,Merino,M,3.5,1.71,1.59,2.53,2.62,2.44,3.03,2.64,3.26,2.9,3.92,26.63,7.61
577725,FUL,King,M,2.5,3.94,2.62,2.52,2.4,2.44,2.61,2.56,2.48,2.25,2.29,26.11,10.44
172780,TOT,Maddison,M,4.0,4.3,2.5,2.18,2.45,2.25,2.03,3.13,2.36,2.43,2.31,25.93,6.48
472739,COV,Rushworth,G,3.0,2.76,3.54,1.1,2.67,2.25,2.67,2.2,2.98,3.18,2.46,25.8,8.6
469272,COV,Tchaouna,M,2.0,3.54,2.89,2.21,2.47,2.42,2.48,2.4,2.46,2.57,2.33,25.76,12.88
244954,AVL,Pau,D,3.5,2.44,2.13,3.04,2.84,2.57,2.79,2.37,2.11,2.92,2.02,25.22,7.21
488024,CRY,Yeremy,M,3.5,1.85,2.58,2.74,3.03,2.57,2.55,2.34,2.39,2.23,2.41,24.69,7.05
212314,IPS,Lukić,M,2.5,5.14,2.3,2.29,2.16,2.28,2.13,1.89,1.96,2.28,2.1,24.53,9.81
221466,TOT,Senesi,D,3.5,3.01,2.03,1.92,2.45,2.4,1.99,3.07,2.15,2.68,2.81,24.51,7.0
243016,LIV,Mac Allister,M,3.5,0.0,1.48,3.21,2.97,2.96,2.64,2.98,2.89,2.53,2.73,24.37,6.96
514254,BHA,Gomez,M,3.5,2.55,2.44,2.63,2.67,2.08,2.42,2.35,2.33,2.08,2.32,23.89,6.83
128295,EVE,Nørgaard,M,3.0,1.73,1.8,2.24,2.74,2.87,2.77,2.38,2.06,2.5,2.79,23.89,7.96
577669,SUN,Sadiki,M,3.0,2.87,2.6,2.39,2.05,2.06,2.35,2.28,2.43,2.57,2.17,23.75,7.92
83299,BHA,Dunk,D,3.0,2.23,2.34,2.69,2.82,2.04,2.68,2.8,1.83,1.69,2.56,23.69,7.9
512462,EVE,O'Brien,D,2.5,2.22,1.32,2.11,2.37,3.2,2.94,2.38,1.67,2.22,3.15,23.57,9.43
78916,NEW,Burn,D,3.0,2.62,1.43,1.91,2.16,2.45,2.08,2.58,2.57,2.72,2.98,23.51,7.84
448089,AVL,Gomes,M,3.5,0.0,1.35,2.88,2.79,2.99,2.8,2.76,2.47,2.71,2.68,23.44,6.7
232787,TOT,Gallagher,M,3.0,4.79,2.35,2.08,2.17,1.99,2.05,2.17,1.86,1.96,1.95,23.37,7.79
513466,EVE,Röhl,M,2.0,4.18,2.56,2.3,2.0,2.11,1.84,1.95,1.66,1.71,2.12,22.42,11.21
448104,ARS,Hincapie,D,4.5,1.68,1.59,2.14,2.26,1.95,2.51,2.24,2.84,1.93,3.14,22.27,4.95
232413,ARS,Eze,M,4.5,1.16,1.56,2.47,2.33,2.23,2.49,2.37,2.44,2.25,2.84,22.15,4.92
243526,LEE,Gudmundsson,D,2.5,0.0,0.84,2.14,2.97,3.4,1.58,2.43,3.07,2.35,3.16,21.95,8.78
532605,MUN,Andrey Santos,M,3.0,3.02,2.66,2.0,1.94,1.98,2.25,2.05,2.11,1.87,1.99,21.86,7.29
166477,FUL,Castagne,D,2.5,3.15,1.76,1.99,1.59,1.73,2.47,2.63,2.27,1.74,2.17,21.5,8.6
184349,FUL,Sessegnon,D,2.5,2.99,1.63,1.99,1.61,1.73,2.19,2.44,2.26,1.89,2.18,20.92,8.37
647850,BHA,Kostoulas,F,2.5,2.06,2.27,2.52,2.95,1.76,2.28,1.83,1.57,1.5,2.06,20.8,8.32
550615,EVE,George,M,2.5,3.6,2.01,1.7,1.82,2.18,2.04,1.85,1.19,1.76,2.26,20.41,8.16
176297,MUN,Rashford,M,4.0,1.92,1.53,1.72,1.7,1.99,2.19,2.07,2.41,2.26,2.47,20.26,5.06
503301,NFO,Hutchinson,M,2.5,3.19,1.68,1.94,1.72,2.34,1.94,1.49,2.05,1.71,1.57,19.63,7.85
508395,BRE,Yarmoliuk,M,2.5,3.12,1.8,1.86,1.8,1.85,1.72,1.85,1.87,1.74,1.74,19.35,7.74
122798,TOT,Robertson,D,3.0,5.2,1.92,1.46,1.52,1.37,1.1,1.76,1.18,1.57,1.37,18.44,6.15
444463,CHE,Fofana,D,3.0,0.0,0.0,1.57,3.25,2.1,2.29,2.33,2.51,1.89,2.48,18.41,6.14
535301,BHA,Baleba,M,3.0,0.55,1.66,2.27,2.21,1.82,2.21,1.93,1.94,1.85,1.97,18.4,6.13
247632,CHE,Neto,M,3.5,2.81,1.61,1.33,1.92,1.85,1.81,1.65,1.77,1.72,1.7,18.18,5.19
224117,ARS,Gyökeres,F,5.0,1.91,1.56,1.68,1.72,1.63,1.86,1.78,2.04,1.63,2.16,17.95,3.59
246301,FUL,J.Cuenca,D,2.5,5.1,1.06,1.43,0.97,1.15,1.81,1.8,1.91,1.22,1.49,17.92,7.17
448514,MCI,Aït-Nouri,D,4.0,1.87,1.44,1.65,1.5,2.02,1.65,2.12,1.75,2.1,1.74,17.83,4.46
204580,BRE,Janelt,M,2.0,4.4,1.63,1.71,1.27,1.36,1.37,1.44,1.6,1.44,1.42,17.63,8.81
248857,ARS,Madueke,M,4.0,1.31,1.17,1.89,1.7,1.55,1.95,1.67,2.04,1.7,2.46,17.45,4.36
149484,AVL,Mings,D,3.0,1.45,1.3,2.01,1.87,1.77,1.87,1.74,1.5,2.13,1.76,17.39,5.8
232653,NEW,J.Ramsey,M,3.0,3.55,1.73,1.51,1.39,1.73,1.68,1.37,1.45,1.57,1.37,17.36,5.79
433036,MCI,Reijnders,M,4.0,2.06,1.41,1.96,1.48,1.82,1.48,1.89,1.67,1.7,1.6,17.07,4.27
549912,SUN,Talbi,M,3.0,1.53,1.52,1.85,1.5,1.58,1.77,1.83,1.77,1.92,1.75,17.01,5.67
551210,CHE,Hato,D,3.0,3.49,2.19,0.87,1.89,1.28,1.4,1.51,1.57,1.2,1.61,17.0,5.67
444180,BRE,Anthony,M,2.5,2.09,1.24,1.51,1.56,1.76,1.64,1.73,1.88,1.88,1.69,16.97,6.79
88894,AVL,Barkley,M,3.0,3.14,1.45,1.58,1.4,1.52,1.62,1.5,1.44,1.68,1.57,16.91,5.64
180974,NEW,Joelinton,M,3.0,0.0,0.0,1.16,2.26,2.5,2.33,2.09,1.99,2.24,2.15,16.72,5.57
428580,COV,Onyeka,M,2.0,2.95,1.7,1.3,1.5,1.41,1.47,1.61,1.5,1.61,1.45,16.5,8.25
206915,LIV,C.Jones,M,3.0,2.49,1.91,1.55,1.44,1.45,1.27,1.5,1.58,1.34,1.57,16.1,5.37
242898,EVE,Johnson,M,3.0,1.71,1.33,1.8,1.74,1.93,1.9,1.42,1.21,1.39,1.6,16.03,5.34
247412,CRY,Strand Larsen,F,3.0,2.7,1.07,1.35,1.66,1.47,1.58,1.35,1.56,1.5,1.39,15.63,5.21
465694,MCI,N.Gonzalez,M,3.5,2.23,1.76,1.69,1.33,1.39,1.34,1.6,1.19,1.32,1.35,15.19,4.34
174594,LEE,Nmecha,F,2.5,1.58,1.44,1.28,1.51,1.48,1.03,1.51,1.72,1.68,1.84,15.06,6.02
60689,NFO,Wood,F,3.0,2.16,1.26,1.34,1.37,1.67,1.37,1.24,1.7,1.58,1.34,15.03,5.01
209289,FUL,Smith Rowe,M,2.5,2.42,1.28,1.31,1.28,1.36,1.5,1.59,1.5,1.39,1.39,15.02,6.01
444145,ARS,Martinelli,M,4.0,1.56,1.28,1.26,1.3,1.18,1.62,1.48,1.62,1.54,1.87,14.7,3.68
209365,MUN,De Ligt,D,3.5,0.0,0.0,0.0,0.0,0.0,3.2,2.91,3.03,2.58,2.97,14.68,4.2
616077,ARS,Dowman,M,3.5,3.64,1.01,0.87,0.97,1.06,1.31,1.15,1.42,1.32,1.78,14.52,4.15
487053,TOT,Udogie,D,3.0,1.38,1.24,1.26,1.78,1.41,1.08,1.96,1.26,1.65,1.45,14.46,4.82
489888,BOU,Adli,M,2.5,0.65,1.37,1.31,1.58,1.7,1.62,1.81,1.46,1.5,1.37,14.38,5.75
596777,MUN,Dorgu,M,3.5,1.54,1.43,1.14,1.13,1.31,1.55,1.46,1.62,1.45,1.56,14.2,4.06
445044,TOT,Kulusevski,M,3.5,0.0,0.0,0.73,1.3,1.66,2.0,2.45,1.97,2.14,1.89,14.15,4.04
50175,CHE,Welbeck,F,3.5,1.66,1.06,0.81,1.57,1.24,1.34,1.34,1.56,1.48,1.32,13.38,3.82
194010,BRE,Henry,D,2.5,1.82,1.07,1.41,1.1,1.21,1.09,1.21,1.55,1.5,1.24,13.2,5.28
114243,NEW,J.Murphy,M,3.0,1.71,1.04,1.18,1.17,1.4,1.44,1.25,1.28,1.39,1.34,13.19,4.4
438234,MCI,Marmoush,F,4.5,0.93,0.81,1.42,1.09,1.35,1.28,1.81,1.37,1.45,1.4,12.91,2.87
444765,BRE,Van den Berg,D,3.0,0.0,0.0,0.0,0.0,0.0,0.7,1.89,3.85,3.46,2.85,12.75,4.25
111317,BOU,Brooks,M,3.0,0.78,1.1,1.19,1.39,1.49,1.29,1.42,1.37,1.43,1.2,12.65,4.22
516895,MUN,Mainoo,M,3.5,1.1,1.0,1.1,1.2,1.22,1.37,1.39,1.39,1.31,1.34,12.42,3.55
219249,BHA,O'Riley,M,3.0,1.16,1.07,1.13,1.39,0.96,1.38,1.35,1.28,1.15,1.54,12.39,4.13
184341,MUN,Mount,M,3.0,1.29,1.6,1.33,0.89,1.09,1.26,1.2,1.34,1.1,1.2,12.3,4.1
230001,MUN,Mazraoui,D,3.0,0.87,1.18,1.05,1.0,1.21,1.43,1.41,1.35,1.28,1.37,12.14,4.05
432714,NFO,McAtee,M,2.5,3.31,1.22,1.12,0.85,1.11,0.86,0.7,1.15,0.9,0.88,12.09,4.84
169359,HUL,Targett,D,1.5,1.45,1.09,1.03,1.04,1.1,1.39,1.12,1.34,1.7,0.82,12.08,8.05
472713,BRE,Hickey,D,2.5,1.22,0.9,1.26,1.11,1.14,1.04,1.13,1.66,1.29,1.13,11.88,4.75
158499,BOU,Christie,M,3.0,0.0,1.07,1.09,1.35,1.24,1.27,1.58,1.37,1.42,1.33,11.72,3.91
200089,NEW,Willock,M,2.5,2.07,1.15,1.01,0.87,1.1,1.09,1.06,1.05,1.07,1.03,11.51,4.6
482609,CHE,Gusto,D,3.0,1.71,0.98,0.71,1.19,0.99,1.04,1.08,1.27,1.13,1.26,11.35,3.78
578153,MCI,Khusanov,D,4.5,0.91,0.89,1.25,0.84,1.31,0.98,1.52,0.98,1.37,1.25,11.29,2.51
437505,SUN,Isidor,F,3.0,0.8,0.88,1.04,0.9,0.89,1.21,1.21,1.34,1.51,1.35,11.12,3.71
184667,AVL,Lindelöf,D,3.0,1.17,0.8,1.06,1.03,1.03,1.19,1.08,1.01,1.39,0.98,10.74,3.58
560262,BOU,Kroupi.Jr,F,4.0,0.0,0.0,0.0,0.0,0.0,0.0,0.0,0.0,3.91,6.76,10.67,2.67
75115,BRE,Wilson,F,2.5,1.35,0.74,0.88,0.9,1.03,0.99,1.15,1.25,1.25,1.05,10.59,4.24
180135,LEE,Longstaff,M,2.5,1.25,0.81,0.82,0.86,1.0,0.75,1.06,1.13,1.32,1.35,10.36,4.14
624773,CHE,Estêvão,M,3.5,1.0,0.84,0.6,1.15,0.92,1.05,1.04,1.28,1.16,1.17,10.22,2.92
204120,BHA,Boscagli,D,3.0,2.39,0.85,0.93,0.8,0.66,0.92,0.96,0.87,0.78,0.96,10.11,3.37
575458,NFO,Jair Cunha,D,2.5,2.03,0.61,0.89,0.73,1.11,0.99,0.81,1.1,0.91,0.85,10.03,4.01
485337,CRY,Guessand,M,3.0,1.01,0.68,0.84,1.09,1.01,1.03,0.98,1.11,1.17,1.01,9.92,3.31
481655,ARS,Zubimendi,M,4.0,1.0,0.8,0.91,0.97,0.88,0.91,0.92,0.96,1.05,1.06,9.46,2.36
487117,BHA,Ferguson,F,2.5,0.0,0.0,0.0,0.0,0.0,1.19,1.99,2.1,1.79,2.34,9.41,3.77
54469,BOU,Smith,D,2.5,0.54,0.98,0.8,0.97,0.91,0.88,1.18,0.79,1.16,1.2,9.4,3.76
108413,CRY,Hughes,M,2.5,0.87,0.81,0.88,0.96,1.02,0.89,0.95,0.98,0.99,1.02,9.39,3.76
119471,NEW,Schär,D,3.0,0.0,0.65,0.79,0.84,1.28,1.22,1.02,1.09,1.26,1.18,9.34,3.11
214285,LIV,Tsimikas,D,3.0,0.55,0.77,0.91,0.98,0.91,0.89,0.95,1.03,0.91,1.02,8.94,2.98
499169,ARS,Lewis-Skelly,M,3.5,2.1,0.91,0.53,0.7,0.6,0.65,0.69,0.87,0.77,0.86,8.69,2.48
242882,BOU,Diakité,D,3.0,0.39,0.68,0.72,0.88,0.87,0.78,1.17,0.77,1.12,1.18,8.56,2.85
514356,CHE,Lavia,M,3.0,2.14,0.45,0.49,0.63,0.63,0.68,0.71,0.82,0.8,0.85,8.19,2.73
547701,TOT,Gray,M,3.0,2.18,0.47,0.48,0.6,0.63,0.64,0.77,0.74,0.74,0.79,8.04,2.68
482442,TOT,P.M.Sarr,M,2.5,1.05,0.61,0.65,0.7,0.76,0.69,0.96,0.81,0.83,0.89,7.95,3.18
205533,CRY,Nketiah,F,2.5,0.79,0.0,0.62,0.94,0.78,0.9,0.81,1.02,0.99,0.96,7.8,3.12
606745,MUN,Heaven,D,3.0,2.83,1.4,0.55,0.53,0.74,0.0,0.39,0.4,0.39,0.42,7.65,2.55
248056,LEE,Tanaka,M,2.5,0.8,0.69,0.63,0.65,0.7,0.69,0.84,0.9,0.85,0.89,7.65,3.06
496661,EVE,Dibling,M,2.5,2.61,0.86,0.63,0.44,0.51,0.57,0.46,0.44,0.5,0.59,7.61,3.05
135720,TOT,Danso,D,3.0,0.0,0.54,0.61,0.8,0.74,0.68,1.05,0.85,1.13,0.98,7.38,2.46
500151,NFO,Savona,D,2.5,0.0,0.0,0.7,0.73,1.05,0.9,0.8,1.23,0.95,0.9,7.25,2.9
570526,TOT,Bergvall,M,3.0,1.14,0.56,0.58,0.69,0.65,0.65,0.79,0.69,0.69,0.74,7.17,2.39
152551,CRY,Lerma,M,2.5,0.35,0.52,0.6,0.75,0.74,0.68,0.77,0.85,0.88,0.82,6.95,2.78
609873,EVE,Armstrong,M,2.0,2.33,0.73,0.43,0.44,0.47,0.5,0.47,0.36,0.54,0.6,6.87,3.44
490094,EVE,Iroegbunam,M,2.5,0.0,0.59,0.69,0.7,0.79,0.8,0.74,0.78,0.76,0.85,6.7,2.68
244042,FUL,Muniz,F,2.5,0.85,0.55,0.47,0.64,0.67,0.64,0.7,0.67,0.77,0.73,6.68,2.67
98747,NEW,Pope,G,3.0,0.0,0.46,0.62,0.59,0.68,0.88,0.75,0.87,0.89,0.79,6.54,2.18
433154,CRY,McNeil,M,3.0,0.72,0.5,0.45,0.66,0.63,0.66,0.63,0.71,0.76,0.74,6.46,2.15
653481,AVL,Alysson,M,2.5,0.66,0.51,0.6,0.56,0.61,0.67,0.63,0.66,0.75,0.71,6.37,2.55
456512,NFO,Ndoye,M,3.0,0.0,0.0,0.0,0.0,1.2,0.88,0.74,1.27,1.2,1.07,6.36,2.12
550864,MUN,Yoro,D,3.0,1.11,0.96,0.56,0.55,0.64,0.53,0.45,0.49,0.48,0.53,6.3,2.1
106611,EVE,Keane,D,2.5,0.0,0.0,0.44,0.54,0.86,0.93,0.83,0.63,0.84,1.22,6.29,2.52
492777,LIV,Bradley,D,3.5,0.0,0.0,0.0,0.0,0.68,0.91,1.11,1.24,0.96,1.2,6.1,1.74
76357,FUL,Cairney,M,2.5,0.0,0.0,0.0,0.0,0.0,0.68,1.38,1.41,1.16,1.37,6.0,2.4
554197,SUN,Rigg,M,2.0,0.0,0.47,0.54,0.51,0.64,0.65,0.69,0.77,0.83,0.82,5.91,2.95
205651,ARS,G.Jesus,F,4.0,0.0,0.0,0.0,0.0,0.73,0.95,0.91,1.03,0.89,1.3,5.81,1.45
476887,NFO,Bakwa,M,2.5,0.0,0.0,0.62,0.58,0.86,0.63,0.59,0.86,0.9,0.74,5.77,2.31
109646,CHE,Tosin,D,3.0,1.02,0.53,0.29,0.56,0.47,0.53,0.57,0.63,0.54,0.58,5.73,1.91
458249,MUN,Zirkzee,F,3.0,0.97,0.67,0.0,0.0,0.6,0.61,0.61,0.59,0.58,0.7,5.33,1.78
167512,SUN,O'Nien,M,2.0,1.58,0.57,0.32,0.34,0.34,0.36,0.4,0.46,0.47,0.44,5.28,2.64
91651,MCI,Kovačić,M,3.5,0.59,0.0,0.66,0.0,0.63,0.58,0.78,0.71,0.65,0.61,5.21,1.49
699989,SUN,Jocelin.T,M,2.5,0.0,0.0,0.47,0.45,0.5,0.66,0.76,0.74,0.79,0.75,5.11,2.05
220566,MCI,Rodrigo,M,5.0,0.0,0.0,0.5,0.58,0.68,0.63,0.68,0.55,0.6,0.61,4.81,0.96
202993,TOT,Bentancur,M,3.0,0.72,0.39,0.39,0.47,0.41,0.45,0.48,0.43,0.49,0.5,4.73,1.58
477064,MCI,Lewis,D,3.0,0.0,0.0,0.0,0.0,0.77,0.63,0.96,0.8,0.82,0.71,4.69,1.56
608181,BHA,Tzimas,F,2.5,0.0,0.0,0.0,0.88,0.57,0.84,0.0,0.71,0.55,0.88,4.43,1.77
171287,LIV,Gomez,D,3.0,0.0,0.0,0.55,0.59,0.5,0.45,0.54,0.63,0.46,0.61,4.33,1.44
250199,NFO,Dominguez,M,2.5,0.0,0.41,0.0,0.44,0.59,0.51,0.48,0.55,0.68,0.52,4.18,1.67
515597,AVL,Bogarde,M,2.5,0.36,0.32,0.36,0.35,0.39,0.44,0.42,0.44,0.5,0.51,4.07,1.63
486520,LEE,Gruev,M,2.0,0.0,0.38,0.34,0.38,0.41,0.39,0.47,0.54,0.46,0.49,3.86,1.93
496208,BOU,Gannon-Doak,M,2.5,0.42,0.0,0.0,0.46,0.45,0.51,0.57,0.49,0.45,0.46,3.79,1.52
577016,CHE,Acheampong,D,3.0,0.0,0.55,0.0,0.0,0.0,0.57,0.63,0.71,0.61,0.66,3.73,1.24
463034,CHE,Delap,F,3.0,0.0,0.0,0.0,0.47,0.5,0.47,0.5,0.56,0.55,0.55,3.6,1.2
200617,LEE,James,M,2.5,0.0,0.0,0.0,0.0,0.52,0.41,0.53,0.53,0.57,0.66,3.22,1.29
437738,LEE,Bornauw,D,2.0,0.0,0.46,0.37,0.0,0.39,0.31,0.39,0.45,0.41,0.45,3.21,1.61
204968,NFO,Yates,M,2.0,0.0,0.0,0.0,0.38,0.48,0.42,0.44,0.49,0.51,0.47,3.19,1.6
155408,BOU,Cook,M,3.0,0.51,0.0,0.0,0.0,0.35,0.37,0.43,0.44,0.43,0.48,3.01,1.0
620487,BOU,Milosavljević,D,3.0,0.0,0.0,0.0,0.0,0.47,0.0,0.53,0.44,0.59,0.61,2.65,0.88
462424,ARS,Saliba,D,5.0,0.0,0.0,0.0,0.0,0.0,0.0,0.0,0.56,0.71,1.25,2.52,0.5
535818,SUN,Adingra,M,3.0,0.0,0.0,0.0,0.0,0.0,0.41,0.41,0.44,0.49,0.45,2.2,0.73
492859,LEE,Gnonto,M,2.5,0.0,0.0,0.0,0.0,0.0,0.3,0.39,0.39,0.45,0.42,1.94,0.78
218364,CRY,Sosa,D,3.0,0.0,0.0,0.0,0.0,0.34,0.0,0.37,0.42,0.4,0.38,1.9,0.63
109745,ARS,Arrizabalaga,G,3.0,0.0,0.0,0.0,0.0,0.0,0.0,0.0,0.53,0.49,0.6,1.63,0.54
536694,CRY,M.França,M,2.5,0.0,0.0,0.0,0.0,0.0,0.0,0.0,0.49,0.5,0.47,1.46,0.58
461199,SUN,Mundle,M,2.5,0.0,0.0,0.0,0.0,0.0,0.0,0.0,0.45,0.5,0.43,1.38,0.55
183656,BRE,Dasilva,M,2.0,0.0,0.0,0.0,0.0,0.0,0.0,0.0,0.43,0.48,0.46,1.37,0.68
489706,CRY,Devenny,M,2.5,0.0,0.0,0.0,0.0,0.0,0.0,0.0,0.42,0.43,0.42,1.26,0.5
499175,ARS,Nwaneri,M,3.0,0.0,0.0,0.0,0.0,0.0,0.0,0.0,0.0,0.51,0.62,1.13,0.38
614574,BOU,Tóth.A,M,2.5,0.43,0.0,0.0,0.0,0.0,0.0,0.0,0.49,0.0,0.0,0.92,0.37
550839,TOT,Odobert,M,3.0,0.0,0.0,0.0,0.0,0.0,0.0,0.0,0.0,0.0,0.82,0.82,0.27
215711,AVL,Bailey,M,3.0,0.0,0.0,0.0,0.0,0.0,0.0,0.0,0.45,0.0,0.0,0.45,0.15
438464,CRY,Doucouré,M,2.5,0.0,0.0,0.0,0.0,0.0,0.0,0.0,0.0,0.0,0.44,0.44,0.18
208481,HUL,Ömür,M,2.0,,,,,,,,,,,0.0,0.0
539142,COV,Amenda,D,1.5,,,,,,,,,,,0.0,0.0
226965,COV,Torp,M,2.5,,,,,,,,,,,0.0,0.0
220583,COV,Woolfenden,D,1.5,0.0,0.0,0.0,0.0,,,,,,,0.0,0.0
577411,COV,Brau,D,1.5,0.0,0.0,0.0,0.0,0.0,0.0,0.0,0.0,0.0,0.0,0.0,0.0
213292,HUL,Akintola,M,2.0,0.0,,,,,,,,,,0.0,0.0
480457,COV,Rudoni,M,2.5,,,,,,,,,,,0.0,0.0
490161,HUL,Kamara,M,2.0,0.0,0.0,0.0,0.0,0.0,0.0,0.0,0.0,0.0,0.0,0.0,0.0
169432,HUL,McBurnie,F,2.0,,,,,,,,,,,0.0,0.0
168144,COV,Grimes,M,2.0,,,,,,,,,,,0.0,0.0
553783,HUL,Zambrano,M,1.5,0.0,0.0,0.0,0.0,0.0,0.0,0.0,0.0,0.0,0.0,0.0,0.0
501459,COV,Sakamoto,M,2.0,,,,,,,,,,,0.0,0.0
465525,HUL,Matazo,M,1.5,0.0,0.0,0.0,0.0,0.0,0.0,0.0,0.0,0.0,0.0,0.0,0.0
439668,COV,Eccles,M,2.0,0.0,0.0,0.0,0.0,,,,,,,0.0,0.0
241293,COV,Mason-Clark,M,2.5,,,,,,,,,,,0.0,0.0
433590,HUL,Drameh,D,1.5,0.0,0.0,,,,,,,,,0.0,0.0
492498,COV,Borges Rodrigues,M,2.0,0.0,0.0,0.0,0.0,0.0,0.0,0.0,0.0,0.0,0.0,0.0,0.0
629397,COV,Andrews,M,2.0,0.0,0.0,0.0,0.0,0.0,0.0,0.0,0.0,0.0,0.0,0.0,0.0
193278,HUL,Coyle,D,1.5,,,,,,,,,,,0.0,0.0
146426,HUL,Ajayi,D,1.5,,,,,,,,,,,0.0,0.0
232351,HUL,Giles,D,2.0,,,,,,,,,,,0.0,0.0
501902,HUL,Hughes,D,2.0,0.0,,,,,,,,,,0.0,0.0
449428,HUL,Jacob,D,1.5,0.0,0.0,0.0,0.0,0.0,0.0,0.0,0.0,0.0,0.0,0.0,0.0
160817,HUL,McNair,D,1.5,0.0,0.0,0.0,0.0,0.0,0.0,0.0,0.0,0.0,0.0,0.0,0.0
108416,HUL,Egan,D,1.5,,,,,,,,,,,0.0,0.0
500957,HUL,Destan,F,1.5,0.0,0.0,0.0,0.0,0.0,0.0,0.0,0.0,0.0,0.0,0.0,0.0
105666,HUL,Butland,G,2.0,0.0,0.0,0.0,0.0,0.0,0.0,0.0,0.0,0.0,0.0,0.0,0.0
167825,HUL,Phillips,G,1.5,0.0,0.0,0.0,0.0,0.0,0.0,0.0,0.0,0.0,0.0,0.0,0.0
571779,FUL,Palacios,M,2.5,,,,,,,,,,,0.0,0.0
551466,FUL,Gonzalo,F,3.0,,,,,,,,,,,0.0,0.0
244860,EVE,Hackney,M,3.0,,,,,,,,,,,0.0,0.0
242313,CRY,Mingueza,D,3.0,,,,,,,,,,,0.0,0.0
540324,HUL,Belloumi,M,2.0,,,,,,,,,,,0.0,0.0
551262,COV,Markelo,M,2.0,0.0,0.0,0.0,0.0,0.0,0.0,0.0,,0.0,0.0,0.0,0.0
218997,COV,Simms,F,2.0,,,,,,,,,,,0.0,0.0
232905,HUL,Millar,M,2.0,,,,,,,,,,,0.0,0.0
171270,HUL,Dowell,M,1.5,0.0,,,,,,,,,,0.0,0.0
230730,COV,Thomas-Asante,M,2.5,,,,,,,,,,,0.0,0.0
101282,HUL,Crooks,M,1.5,,,,,,,,,,,0.0,0.0
243413,HUL,Slater,M,1.5,,,,,,,,,,,0.0,0.0
176412,COV,Wright,F,2.5,,,,,,,,,,,0.0,0.0
661888,COV,Yirenkyi,M,2.5,,,,,,,,,,,0.0,0.0
442967,IPS,Maeda,M,2.5,,,,,,,,,,,0.0,0.0
445028,HUL,Morita,M,2.0,0.0,,,,,,,,,,0.0,0.0
108813,IPS,Walton,G,1.5,0.0,0.0,0.0,0.0,0.0,0.0,0.0,,0.0,,0.0,0.0
606930,HUL,Mendy,D,2.0,,,,,,,,,,,0.0,0.0
597462,HUL,Herrington,D,1.5,,,,,,,,,,,0.0,0.0
551499,LIV,Munoz,M,4.0,0.0,,,,,,,,,,0.0,0.0
608227,HUL,Stroud,D,2.0,,,,,,,,,,,0.0,0.0
554578,NEW,Jaouen,G,2.5,0.0,0.0,0.0,0.0,0.0,0.0,0.0,0.0,0.0,0.0,0.0,0.0
611665,NEW,Touré,M,3.0,,,,,,,,,,,0.0,0.0
636852,NEW,Steur,M,2.5,,,,,,,,,,,0.0,0.0
632794,NEW,Bamba,M,2.5,,,,,,,,,,,0.0,0.0
470551,NEW,Horníček,G,3.0,,,,,,,,,,,0.0,0.0
552946,HUL,Hjertø-Dahl,M,2.0,,,,,,,,,,,0.0,0.0
80178,COV,Bidwell,D,1.5,0.0,0.0,,,,,,,,,0.0,0.0
473284,HUL,Tzolakis,G,2.0,,,,,,,,,,,0.0,0.0
470315,NFO,Netz,D,2.5,0.0,0.0,0.0,,,,,,,,0.0,0.0
204561,NFO,Schlager,M,2.5,,,,,,,,,,,0.0,0.0
515046,SUN,Ellborg,G,2.5,0.0,0.0,0.0,0.0,0.0,0.0,0.0,0.0,0.0,0.0,0.0,0.0
93605,SUN,Meunier,D,3.0,,,,,,,,,,,0.0,0.0
534392,HUL,Burstow,F,1.5,0.0,0.0,0.0,0.0,0.0,0.0,0.0,0.0,0.0,0.0,0.0,0.0
494950,HUL,Cartwright,G,1.5,0.0,0.0,0.0,0.0,0.0,0.0,0.0,0.0,0.0,0.0,0.0,0.0
536661,SUN,Angulo,M,2.5,,,,,,,,,,,0.0,0.0
690838,AVL,Madjo,F,2.5,0.0,0.0,0.0,0.0,0.0,0.0,0.0,0.0,0.0,0.0,0.0,0.0
463210,FUL,Charles,M,2.5,,,,,,,,,,,0.0,0.0
223723,CRY,Tomiyasu,D,3.0,0.0,,,,,,,,,,0.0,0.0
196100,COV,Hamer,M,2.5,,,,,,,,,,,0.0,0.0
445087,LIV,Araujo,D,4.0,,,,,,,,,,,0.0,0.0
106921,MCI,Rulli,G,3.0,0.0,0.0,0.0,0.0,0.0,0.0,0.0,0.0,0.0,0.0,0.0,0.0
606702,LIV,Jacquet,D,4.0,,,,,,,,,,,0.0,0.0
443261,IPS,Clarke,M,2.5,,,,,,,,,,,0.0,0.0
112520,IPS,Palmer,G,1.5,0.0,0.0,0.0,0.0,0.0,0.0,0.0,0.0,0.0,0.0,0.0,0.0
183015,IPS,Kipré,D,2.0,,,,,,,,,,,0.0,0.0
216616,IPS,O'Shea,D,2.0,,,,,,,,,,,0.0,0.0
455084,IPS,Davis,D,2.0,,,,,,,,,,,0.0,0.0
449429,IPS,Greaves,D,2.0,,,,,,,,,,,0.0,0.0
222018,IPS,Johnson,D,1.5,,,,,,,,,,,0.0,0.0
176420,IPS,Furlong,D,2.0,,,,,,,,,,,0.0,0.0
501390,IPS,Núñez,M,2.0,,,,,,,,,,,0.0,0.0
241117,IPS,Matusiwa,M,2.0,,,,,,,,,,,0.0,0.0
231899,IPS,Taylor,M,1.5,0.0,,,,,,,,,,0.0,0.0
229164,IPS,Ogbene,M,2.0,0.0,0.0,0.0,0.0,0.0,0.0,0.0,0.0,0.0,0.0,0.0,0.0
522047,LEE,Muharemović,D,2.5,,,,,,,,,,,0.0,0.0
531442,IPS,Fatawu,M,2.0,,,,,,,,,,,0.0,0.0
543968,IPS,Emersonn,F,2.0,,,,,,,,,,,0.0,0.0
222625,IPS,Hirst,F,2.0,0.0,0.0,0.0,0.0,0.0,0.0,0.0,0.0,,0.0,0.0,0.0
481624,IPS,Philogene,M,2.5,,,,,,,,,,,0.0,0.0
147675,IPS,Akpom,F,2.0,0.0,0.0,0.0,0.0,0.0,,0.0,,,,0.0,0.0
557012,IPS,Walle Egeli,M,2.0,,,,,,,,,,,0.0,0.0
462387,IPS,Al-Hamadi,F,1.5,0.0,0.0,0.0,0.0,0.0,0.0,0.0,0.0,0.0,0.0,0.0,0.0
461587,IPS,McAteer,M,1.5,0.0,,,,,,,,,,0.0,0.0
232457,IPS,Mehmeti,M,2.0,,,,,,,,,,,0.0,0.0
546600,IPS,Van Oevelen,G,1.5,0.0,0.0,0.0,0.0,0.0,0.0,0.0,,,,0.0,0.0
204813,COV,Latibeaudiere,D,1.5,0.0,0.0,0.0,0.0,0.0,,,,,,0.0,0.0
243571,EVE,Patterson,D,2.5,0.0,0.0,0.0,0.0,0.0,0.0,0.0,0.0,0.0,0.0,0.0,0.0
465390,COV,Kesler-Hayden,D,1.5,0.0,,,,,,,,,,0.0,0.0
173878,COV,Dasilva,D,2.0,,,,,,,,,,,0.0,0.0
606921,CRY,Esse,M,2.5,0.0,0.0,0.0,0.0,0.0,0.0,0.0,0.0,0.0,0.0,0.0,0.0
499721,TOT,Moore,M,2.5,0.0,0.0,0.0,0.0,0.0,0.0,0.0,0.0,0.0,0.0,0.0,0.0
232571,SUN,Patterson,G,2.0,0.0,0.0,0.0,0.0,0.0,0.0,0.0,0.0,0.0,0.0,0.0,0.0
223434,BHA,Igor,D,3.0,0.0,0.0,0.0,0.0,0.0,0.0,0.0,0.0,0.0,0.0,0.0,0.0
499309,CHE,Marc Guiu,F,2.5,0.0,0.0,0.0,0.0,0.0,0.0,0.0,0.0,0.0,0.0,0.0,0.0
210156,NFO,Awoniyi,F,2.5,0.0,0.0,0.0,0.0,0.0,0.0,0.0,0.0,0.0,0.0,0.0,0.0
499300,EVE,Aznou,D,2.5,0.0,0.0,0.0,0.0,0.0,0.0,0.0,0.0,0.0,0.0,0.0,0.0
437495,ARS,Meslier,G,3.0,0.0,0.0,0.0,0.0,0.0,0.0,0.0,0.0,0.0,0.0,0.0,0.0
436893,BOU,J.Araujo,D,2.5,0.0,0.0,0.0,0.0,0.0,0.0,0.0,0.0,0.0,0.0,0.0,0.0
575901,BOU,Soler,D,2.5,0.0,0.0,0.0,0.0,0.0,0.0,0.0,0.0,0.0,0.0,0.0,0.0
469247,AVL,Iling Jr,M,2.5,0.0,0.0,0.0,0.0,0.0,0.0,0.0,0.0,0.0,0.0,0.0,0.0
221389,NFO,John,G,2.0,0.0,0.0,0.0,0.0,0.0,0.0,0.0,0.0,0.0,0.0,0.0,0.0
622758,CHE,Anselmino,D,3.0,0.0,0.0,0.0,0.0,0.0,0.0,0.0,0.0,0.0,0.0,0.0,0.0
631786,FUL,Kusi-Asare,F,2.0,0.0,0.0,0.0,0.0,0.0,0.0,0.0,0.0,0.0,0.0,0.0,0.0
591386,LIV,Nyoni,M,2.5,0.0,0.0,0.0,0.0,0.0,0.0,0.0,0.0,0.0,0.0,0.0,0.0
549074,BHA,Watson,M,2.5,0.0,0.0,0.0,0.0,0.0,0.0,0.0,0.0,0.0,0.0,0.0,0.0
158983,LIV,Endo,M,2.5,0.0,0.0,0.0,0.0,0.0,0.0,0.0,0.0,0.0,0.0,0.0,0.0
565297,LEE,Mateo Joseph,F,2.0,0.0,0.0,0.0,0.0,0.0,0.0,0.0,0.0,0.0,0.0,0.0,0.0
231065,BRE,Pinnock,D,2.5,0.0,0.0,0.0,0.0,0.0,0.0,0.0,0.0,0.0,0.0,0.0,0.0
121709,CRY,Benitez,G,2.5,0.0,0.0,0.0,0.0,0.0,0.0,0.0,0.0,0.0,0.0,0.0,0.0
450542,CRY,J.Rak-Sakyi,M,2.5,0.0,0.0,0.0,0.0,0.0,0.0,0.0,0.0,0.0,0.0,0.0,0.0
235826,LEE,Piroe,F,2.0,0.0,0.0,0.0,0.0,0.0,0.0,0.0,0.0,0.0,0.0,0.0,0.0
201595,LEE,Perri,G,2.5,0.0,0.0,0.0,0.0,0.0,0.0,0.0,0.0,0.0,0.0,0.0,0.0
244858,BRE,Carvalho,M,2.5,0.0,0.0,0.0,0.0,0.0,0.0,0.0,0.0,0.0,0.0,0.0,0.0
444884,LIV,Elliott,M,3.0,0.0,0.0,0.0,0.0,0.0,0.0,0.0,0.0,0.0,0.0,0.0,0.0
463936,CHE,Gittens,M,3.0,0.0,0.0,0.0,0.0,0.0,0.0,0.0,0.0,0.0,0.0,0.0,0.0
493362,TOT,Xavi,M,3.5,0.0,0.0,0.0,0.0,0.0,0.0,0.0,0.0,0.0,0.0,0.0,0.0
221632,TOT,Romero,D,3.5,0.0,0.0,0.0,0.0,0.0,0.0,0.0,0.0,0.0,0.0,0.0,0.0
592031,BHA,Minteh,M,4.0,0.0,0.0,0.0,0.0,0.0,0.0,0.0,0.0,0.0,0.0,0.0,0.0
517052,CHE,N.Jackson,F,3.5,0.0,0.0,0.0,0.0,0.0,0.0,0.0,0.0,0.0,0.0,0.0,0.0
232112,MUN,Ugarte,M,2.5,0.0,0.0,0.0,0.0,0.0,0.0,0.0,0.0,0.0,0.0,0.0,0.0
449871,AVL,Onana,M,3.5,0.0,0.0,0.0,0.0,0.0,0.0,0.0,0.0,0.0,0.0,0.0,0.0
510663,LIV,Ekitiké,F,5.0,0.0,0.0,0.0,0.0,0.0,0.0,0.0,0.0,0.0,0.0,0.0,0.0
184254,TOT,Vicario,G,3.0,0.0,0.0,0.0,0.0,0.0,0.0,0.0,0.0,0.0,0.0,0.0,0.0
232859,TOT,Spence,D,3.0,0.0,0.0,0.0,0.0,0.0,0.0,0.0,0.0,0.0,0.0,0.0,0.0
549939,CHE,Penders,G,2.5,0.0,0.0,0.0,0.0,0.0,0.0,0.0,0.0,0.0,0.0,0.0,0.0
465920,CHE,Mudryk,M,3.0,0.0,0.0,0.0,0.0,0.0,0.0,0.0,0.0,0.0,0.0,0.0,0.0
465680,NFO,Kalimuendo,F,2.5,0.0,0.0,0.0,0.0,0.0,0.0,0.0,0.0,0.0,0.0,0.0,0.0
616222,MCI,Vitor Reis,D,3.0,0.0,0.0,0.0,0.0,0.0,0.0,0.0,0.0,0.0,0.0,0.0,0.0
449027,LIV,Mamardashvili,G,3.0,0.0,0.0,0.0,0.0,0.0,0.0,0.0,0.0,0.0,0.0,0.0,0.0
491007,CHE,D.Essugo,M,3.0,0.0,0.0,0.0,0.0,0.0,0.0,0.0,0.0,0.0,0.0,0.0,0.0
647681,LIV,Leoni,D,3.0,0.0,0.0,0.0,0.0,0.0,0.0,0.0,0.0,0.0,0.0,0.0,0.0
574458,CHE,M.Sarr,D,3.0,0.0,0.0,0.0,0.0,0.0,0.0,0.0,0.0,0.0,0.0,0.0,0.0
543295,BRE,Milambo,M,2.5,0.0,0.0,0.0,0.0,0.0,0.0,0.0,0.0,0.0,0.0,0.0,0.0
223541,LIV,Chiesa,M,3.0,0.0,0.0,0.0,0.0,0.0,0.0,0.0,0.0,0.0,0.0,0.0,0.0
153366,FUL,Reed,M,2.5,0.0,0.0,0.0,0.0,0.0,0.0,0.0,0.0,0.0,0.0,0.0,0.0
229600,EVE,Travers,G,2.0,0.0,0.0,0.0,0.0,0.0,0.0,0.0,0.0,0.0,0.0,0.0,0.0
593174,BRE,Furo,F,2.0,0.0,0.0,0.0,0.0,0.0,0.0,0.0,0.0,0.0,0.0,0.0,0.0
454490,BHA,Svoboda,D,3.0,0.0,0.0,0.0,0.0,0.0,0.0,0.0,0.0,0.0,0.0,0.0,0.0
439509,ARS,Tzolis,M,4.0,,,,,,,,,,,0.0,0.0
578545,AVL,Nedeljkovic,D,2.5,0.0,0.0,0.0,0.0,0.0,0.0,0.0,0.0,0.0,0.0,0.0,0.0
614071,AVL,Manzambi,M,4.0,,,,,,,,,,,0.0,0.0
173879,AVL,Abraham,F,3.0,,,,,,,,,,,0.0,0.0
499604,BOU,Rayan,M,3.5,,,,,,,,,,,0.0,0.0
561245,BOU,Rodríguez,F,3.0,,,,,,,,,,,0.0,0.0
483067,BOU,Silva,D,3.5,,,,,,,,,,,0.0,0.0
513086,BRE,Schuster,D,2.0,,,,,,,,,,,0.0,0.0
513545,BRE,Sangaré,M,3.0,,,,,,,,,,,0.0,0.0
700308,BHA,Yohanna,M,2.5,,,,,,,,,,,0.0,0.0
40383,BOU,Forster,G,2.5,0.0,0.0,0.0,0.0,0.0,0.0,0.0,0.0,0.0,0.0,0.0,0.0
620109,CHE,Palestra,D,3.0,,,,,,,,,,,0.0,0.0
593117,CHE,Quenda,M,3.0,,,,,,,,,,,0.0,0.0
503037,CHE,Emegha,F,3.0,0.0,0.0,0.0,0.0,0.0,0.0,0.0,0.0,0.0,0.0,0.0,0.0
543158,CHE,Barco,M,3.0,,,,,,,,,,,0.0,0.0
484389,COV,Dovin,G,1.5,0.0,0.0,0.0,0.0,0.0,0.0,0.0,0.0,0.0,0.0,0.0,0.0
110690,COV,Wilson,G,1.5,0.0,0.0,0.0,0.0,0.0,0.0,0.0,0.0,0.0,0.0,0.0,0.0
461102,COV,Thomas,D,2.0,,,,,,,,,,,0.0,0.0
436761,COV,Kitching,D,2.0,,,,,,,,,,,0.0,0.0
451284,COV,van Ewijk,D,2.5,,,,,,,,,,,0.0,0.0
577285,AVL,George Hemmings,M,2.5,0.0,0.0,0.0,0.0,0.0,0.0,0.0,0.0,0.0,0.0,0.0,0.0
59735,MUN,Darlow,G,2.5,0.0,0.0,0.0,0.0,0.0,0.0,0.0,0.0,0.0,0.0,0.0,0.0
462635,LEE,Gelhardt,M,2.0,0.0,0.0,0.0,0.0,0.0,0.0,0.0,0.0,0.0,0.0,0.0,0.0
570241,BRE,Ji-soo,D,2.0,0.0,0.0,0.0,0.0,0.0,0.0,0.0,0.0,0.0,0.0,0.0,0.0
477547,SUN,Hjelde,D,2.0,0.0,0.0,0.0,0.0,0.0,0.0,0.0,0.0,0.0,0.0,0.0,0.0
115556,TOT,Davies,D,2.5,0.0,0.0,0.0,0.0,0.0,0.0,0.0,0.0,0.0,0.0,0.0,0.0
56979,CHE,Henderson,M,2.5,0.0,0.0,0.0,0.0,0.0,0.0,0.0,0.0,0.0,0.0,0.0,0.0
72147,AVL,M.Bizot,G,2.5,0.0,0.0,0.0,0.0,0.0,0.0,0.0,0.0,0.0,0.0,0.0,0.0
519634,SUN,Seelt,D,2.5,0.0,0.0,0.0,0.0,0.0,0.0,0.0,0.0,0.0,0.0,0.0,0.0
507433,BRE,Valdimarsson,G,2.0,0.0,0.0,0.0,0.0,0.0,0.0,0.0,0.0,0.0,0.0,0.0,0.0
155503,LIV,Woodman,G,2.5,0.0,0.0,0.0,0.0,0.0,0.0,0.0,0.0,0.0,0.0,0.0,0.0
470294,HUL,Gyabi,M,1.5,0.0,0.0,0.0,0.0,0.0,0.0,0.0,0.0,0.0,0.0,0.0,0.0
105717,SUN,Masuaku,D,2.5,0.0,0.0,0.0,0.0,0.0,0.0,0.0,0.0,0.0,0.0,0.0,0.0
549067,NFO,Abbott,D,2.0,0.0,0.0,0.0,0.0,0.0,0.0,0.0,0.0,0.0,0.0,0.0,0.0
138001,EVE,King,G,2.0,0.0,0.0,0.0,0.0,0.0,0.0,0.0,0.0,0.0,0.0,0.0,0.0
204822,NFO,O.Richards,D,2.0,0.0,0.0,0.0,0.0,0.0,0.0,0.0,0.0,0.0,0.0,0.0,0.0
444172,BOU,Dennis,G,2.5,0.0,0.0,0.0,0.0,0.0,0.0,0.0,0.0,0.0,0.0,0.0,0.0
86873,FUL,Lecomte,G,2.0,0.0,0.0,0.0,0.0,0.0,0.0,0.0,0.0,0.0,0.0,0.0,0.0
545477,NEW,A.Murphy,D,2.0,0.0,0.0,0.0,0.0,0.0,0.0,0.0,0.0,0.0,0.0,0.0,0.0
49262,BHA,Steele,G,2.5,0.0,0.0,0.0,0.0,0.0,0.0,0.0,0.0,0.0,0.0,0.0,0.0
67089,TOT,Dubravka,G,2.0,0.0,0.0,0.0,0.0,0.0,0.0,0.0,0.0,0.0,0.0,0.0,0.0
122074,MCI,Bettinelli,G,2.5,0.0,0.0,0.0,0.0,0.0,0.0,0.0,0.0,0.0,0.0,0.0,0.0
169593,CRY,Matthews,G,2.0,0.0,0.0,0.0,0.0,0.0,0.0,0.0,0.0,0.0,0.0,0.0,0.0
494307,MCI,Alleyne,D,3.0,0.0,0.0,0.0,0.0,0.0,0.0,0.0,0.0,0.0,0.0,0.0,0.0
568420,NFO,Diomande,D,3.0,,,,,,,,,,,0.0,0.0
