fotmob_id,tm_id,last_scraped
72241,74960,2026-08-18
113836,67063,2026-08-18
156008,61651,2026-08-18
160447,61841,2026-08-18
163604,99397,2026-08-18
167008,82873,2026-08-18
169719,108725,2026-08-18
181069,127202,2026-08-18
182962,123275,2026-08-18
188058,167554,2026-08-18
189982,135343,2026-08-18
195782,124884,2026-08-18
201690,148153,2026-08-18
202643,146310,2026-08-18
207236,111455,2026-08-18
209405,139208,2026-08-18
215168,72476,2026-08-18
215384,131978,2026-08-18
239219,51471,2026-08-18
243138,173504,2026-08-18
255610,177907,2026-08-18
258269,184573,2026-08-18
266520,148367,2026-08-18
268375,111873,2026-08-18
276121,192765,2026-08-18
280484,192080,2026-08-18
290410,118534,2026-08-18
295067,207014,2026-08-18
303919,130164,2026-08-18
312765,203460,2026-08-18
317564,192279,2026-08-18
319784,105470,2026-08-18
356406,193116,2026-08-18
357880,234803,2026-08-18
362694,183288,2026-08-18
419664,253677,2026-08-18
422685,240306,2026-08-18
439369,188077,2026-08-18
448897,296802,2026-08-18
465750,262226,2026-08-18
465960,249565,2026-08-18
466672,262980,2026-08-18
469804,206746,2026-08-18
480253,282939,2026-08-18
493165,294057,2026-08-18
494417,279455,2026-08-18
502420,226973,2026-08-18
503659,260827,2026-08-18
521148,199527,2026-08-18
534670,316264,2026-08-18
535936,333241,2026-08-18
538501,286047,2026-08-18
540088,324358,2026-08-18
540963,333014,2026-08-18
552718,328658,2026-08-18
556972,245056,2026-08-18
562724,249089,2026-08-18
562727,262749,2026-08-18
562892,701057,2026-08-18
568571,256178,2026-08-18
574645,338424,2026-08-18
576165,363205,2026-08-18
582276,226049,2026-08-18
591734,258889,2026-08-18
600524,240692,2026-08-18
602304,348026,2026-08-18
604785,242631,2026-08-18
610184,321247,2026-08-18
612150,306024,2026-08-18
613715,318508,2026-08-18
614006,258004,2026-08-18
618878,315858,2026-08-18
620618,354362,2026-08-18
621515,356141,2026-08-18
622091,293194,2026-08-18
637656,352041,2026-08-18
643717,295313,2026-08-18
650616,319859,2026-08-18
654096,357662,2026-08-18
654908,378710,2026-08-18
662428,349701,2026-08-18
664500,325443,2026-08-18
666857,388165,2026-08-18
671331,387626,2026-08-18
674014,277033,2026-08-18
675088,357565,2026-08-18
682548,236490,2026-08-18
683402,258878,2026-08-18
688273,270171,2026-08-18
690107,349066,2026-08-18
696443,272622,2026-08-18
706297,420002,2026-08-18
710158,413220,2026-08-18
710159,413403,2026-08-18
711357,442248,2026-08-18
717174,297212,2026-08-18
717176,319301,2026-08-18
719330,258919,2026-08-18
729731,425334,2026-08-18
729769,332705,2026-08-18
737066,418560,2026-08-18
744494,362108,2026-08-18
748382,340325,2026-08-18
749661,331726,2026-08-18
749736,309400,2026-08-18
749834,432914,2026-08-18
750032,346483,2026-08-18
751550,357147,2026-08-18
751998,353032,2026-08-18
754126,263236,2026-08-18
759566,340321,2026-08-18
760359,398065,2026-08-18
766611,413507,2026-08-18
768331,380350,2026-08-18
769895,326031,2026-08-18
771294,410225,2026-08-18
773991,392775,2026-08-18
774448,369316,2026-08-18
775539,340456,2026-08-18
775614,425902,2026-08-18
776151,335721,2026-08-18
776689,340918,2026-08-18
780432,392771,2026-08-18
784510,341092,2026-08-18
785411,469781,2026-08-18
789502,429014,2026-08-18
789571,403151,2026-08-18
789630,399434,2026-08-18
789646,465717,2026-08-18
792540,369962,2026-08-18
792645,399776,2026-08-18
794253,330659,2026-08-18
795179,655488,2026-08-18
795371,375885,2026-08-18
796974,410708,2026-08-18
806552,434675,2026-08-18
807729,472423,2026-08-18
815006,406635,2026-08-18
816325,394327,2026-08-18
818975,479999,2026-08-18
820024,346707,2026-08-18
821100,429983,2026-08-18
821728,494880,2026-08-18
827315,497291,2026-08-18
831489,534033,2026-08-18
839204,445939,2026-08-18
843040,487465,2026-08-18
844425,392757,2026-08-18
846005,451276,2026-08-18
846383,392768,2026-08-18
847983,480762,2026-08-18
850354,520624,2026-08-18
850962,488935,2026-08-18
856685,421637,2026-08-18
859282,493003,2026-08-18
860920,340324,2026-08-18
860975,340329,2026-08-18
861197,314288,2026-08-18
861805,371851,2026-08-18
862608,504849,2026-08-18
863098,517894,2026-08-18
866686,406634,2026-08-18
867414,397033,2026-08-18
868344,460939,2026-08-18
874025,404842,2026-08-18
877401,461883,2026-08-18
881735,344069,2026-08-18
883080,503743,2026-08-18
886016,475188,2026-08-18
887703,494237,2026-08-18
888912,540941,2026-08-18
889534,392765,2026-08-18
891743,543499,2026-08-18
915797,346890,2026-08-18
917802,475411,2026-08-18
919435,541231,2026-08-18
922892,338629,2026-08-18
923312,413039,2026-08-18
933576,583255,2026-08-18
933768,433188,2026-08-18
933845,578391,2026-08-18
935728,489359,2026-08-18
939542,584769,2026-08-18
940446,473169,2026-08-18
941573,553875,2026-08-18
942368,486049,2026-08-18
942381,420243,2026-08-18
948800,502676,2026-08-18
950474,505219,2026-08-18
950485,434224,2026-08-18
950829,578539,2026-08-18
950830,435648,2026-08-18
952322,393323,2026-08-18
955376,463603,2026-08-18
955406,495666,2026-08-18
955529,601883,2026-08-18
956682,361093,2026-08-18
956683,478573,2026-08-18
956925,538977,2026-08-18
959407,611793,2026-08-18
961306,469050,2026-08-18
961995,433177,2026-08-18
963964,565822,2026-08-18
963965,559263,2026-08-18
965764,623570,2026-08-18
966018,484547,2026-08-18
966026,485585,2026-08-18
966027,488362,2026-08-18
970243,415381,2026-08-18
974268,503686,2026-08-18
974618,576314,2026-08-18
979752,463605,2026-08-18
1002039,591949,2026-08-18
1010426,644401,2026-08-18
1021382,670681,2026-08-18
1021586,655488,2026-08-18
1021929,503749,2026-08-18
1022649,365108,2026-08-18
1030829,661053,2026-08-18
1031325,423440,2026-08-18
1035614,476701,2026-08-18
1047676,506657,2026-08-18
1049999,633992,2026-08-18
1050166,583189,2026-08-18
1052898,556385,2026-08-18
1053838,673492,2026-08-18
1067256,465555,2026-08-18
1067763,515544,2026-08-18
1070052,485706,2026-08-18
1070712,475959,2026-08-18
1073977,627442,2026-08-18
1076756,470607,2026-08-18
1078788,503680,2026-08-18
1079485,26541,2026-08-18
1079539,540664,2026-08-18
1079557,532776,2026-08-18
1082102,432164,2026-08-18
1083796,473050,2026-08-18
1084981,503987,2026-08-18
1087966,500689,2026-08-18
1089691,567576,2026-08-18
1095445,585959,2026-08-18
1096353,568177,2026-08-18
1096400,614258,2026-08-18
1097466,557459,2026-08-18
1098096,711337,2026-08-18
1098607,711544,2026-08-18
1104053,607223,2026-08-18
1105912,502821,2026-08-18
1106563,455661,2026-08-18
1107280,568693,2026-08-18
1107286,627626,2026-08-18
1107648,583199,2026-08-18
1107910,503981,2026-08-18
1112684,424015,2026-08-18
1113690,624258,2026-08-18
1113692,670882,2026-08-18
1113753,670883,2026-08-18
1113790,661207,2026-08-18
1113903,610849,2026-08-18
1120224,730893,2026-08-18
1123947,696181,2026-08-18
1125720,646991,2026-08-18
1128945,735571,2026-08-18
1128965,748319,2026-08-18
1131987,565093,2026-08-18
1134871,429915,2026-08-18
1137407,521964,2026-08-18
1137667,659813,2026-08-18
1137668,687626,2026-08-18
1137705,648195,2026-08-18
1152455,598577,2026-08-18
1155130,524285,2026-08-18
1157236,717411,2026-08-18
1168311,667287,2026-08-18
1173787,566931,2026-08-18
1174337,743591,2026-08-18
1174672,735570,2026-08-18
1177358,654539,2026-08-18
1178602,503883,2026-08-18
1185748,485706,2026-08-18
1186615,605426,2026-08-18
1187213,566799,2026-08-18
1187506,689637,2026-08-18
1190033,645686,2026-08-18
1190867,628451,2026-08-18
1195281,730861,2026-08-18
1197030,709726,2026-08-18
1197250,620322,2026-08-18
1197655,670858,2026-08-18
1203192,617755,2026-08-18
1203512,696589,2026-08-18
1203665,811779,2026-08-18
1210384,608832,2026-08-18
1215652,741238,2026-08-18
1227012,658536,2026-08-18
1233655,855256,2026-08-18
1239595,670717,2026-08-18
1250253,823231,2026-08-18
1251334,867688,2026-08-18
1254234,890719,2026-08-18
1258092,609556,2026-08-18
1276312,683620,2026-08-18
1280132,466805,2026-08-18
1285866,876631,2026-08-18
1287010,903611,2026-08-18
1288111,801734,2026-08-18
1288450,701057,2026-08-18
1292810,820374,2026-08-18
1292833,866655,2026-08-18
1296650,744149,2026-08-18
1296763,922769,2026-08-18
1296769,933017,2026-08-18
1298907,646750,2026-08-18
1300526,743413,2026-08-18
1302005,739443,2026-08-18
1318400,88755,2026-08-18
1321562,660860,2026-08-18
1323305,922693,2026-08-18
1324871,719673,2026-08-18
1327319,947411,2026-08-18
1336751,747009,2026-08-18
1341387,743498,2026-08-18
1341475,725912,2026-08-18
1346113,982097,2026-08-18
1352713,973085,2026-08-18
1354561,996897,2026-08-18
1356312,880245,2026-08-18
1358581,923831,2026-08-18
1358655,1009658,2026-08-18
1359649,727089,2026-08-18
1362998,763079,2026-08-18
1368654,743384,2026-08-18
1372921,743600,2026-08-18
1386775,866246,2026-08-18
1391209,984096,2026-08-18
1398392,937941,2026-08-18
1400216,1004708,2026-08-18
1400227,1012534,2026-08-18
1406436,890721,2026-08-18
1412137,938158,2026-08-18
1413846,904802,2026-08-18
1413853,1011936,2026-08-18
1422593,1011131,2026-08-18
1423616,950091,2026-08-18
1424875,936874,2026-08-18
1426170,910905,2026-08-18
1428401,967319,2026-08-18
1429912,823486,2026-08-18
1431275,985546,2026-08-18
1436258,1045123,2026-08-18
1436260,926309,2026-08-18
1443841,1071818,2026-08-18
1449690,998101,2026-08-18
1458711,1005649,2026-08-18
1460534,16232,2026-08-18
1463282,1047280,2026-08-18
1478295,607223,2026-08-18
1526560,926952,2026-08-18
1526697,914269,2026-08-18
1531854,999743,2026-08-18
1532672,1069512,2026-08-18
1559637,1107733,2026-08-18
1559639,1078163,2026-08-18
1561249,1060087,2026-08-18
1575707,1011140,2026-08-18
1580774,1056993,2026-08-18
1597668,1108466,2026-08-18
1607328,1085591,2026-08-18
1607333,1023191,2026-08-18
1622290,708072,2026-08-18
1635773,1187629,2026-08-18
1636513,8564,2026-08-18
1639163,1202361,2026-08-18
1656860,1005583,2026-08-18
1664722,1006411,2026-08-18
1666977,989112,2026-08-18
1676985,1049911,2026-08-18
1690655,1322090,2026-08-18
1693398,1196272,2026-08-18
1700817,1348941,2026-08-18
