comp,home_team_id,away_team_id,home_team,away_team,short_home_team,short_away_team,datetime_str,date_str,datetime_obj,in_fpl,in_tff,is_home_adv,probability,is_custom,fpl_gw,sdt_gw,tff_gw
pl,9825,8669,Arsenal,Coventry City,ARS,COV,2026-08-21T20:00:00Z,2026-08-21,2026-08-21 20:00:00+00:00,True,True,True,1,False,1,1,1
pl,8667,10260,Hull City,Manchester United,HUL,MUN,2026-08-22T12:30:00Z,2026-08-22,2026-08-22 12:30:00+00:00,True,True,True,1,False,1,1,1
pl,8668,9826,Everton,Crystal Palace,EVE,CRY,2026-08-22T15:00:00Z,2026-08-22,2026-08-22 15:00:00+00:00,True,True,True,1,False,1,1,1
pl,10203,8463,Nottingham Forest,Leeds United,NFO,LEE,2026-08-22T15:00:00Z,2026-08-22,2026-08-22 15:00:00+00:00,True,True,True,1,False,1,1,1
pl,9902,8472,Ipswich Town,Sunderland,IPS,SUN,2026-08-22T15:00:00Z,2026-08-22,2026-08-22 15:00:00+00:00,True,True,True,1,False,1,1,1
pl,9937,8586,Brentford,Tottenham Hotspur,BRE,TOT,2026-08-22T17:30:00Z,2026-08-22,2026-08-22 17:30:00+00:00,True,True,True,1,False,1,1,1
pl,8456,8678,Manchester City,Bournemouth,MCI,BOU,2026-08-23T14:00:00Z,2026-08-23,2026-08-23 14:00:00+00:00,True,True,True,1,False,1,1,1
pl,10204,10252,Brighton and Hove Albion,Aston Villa,BHA,AVL,2026-08-23T14:00:00Z,2026-08-23,2026-08-23 14:00:00+00:00,True,True,True,1,False,1,1,1
pl,10261,8650,Newcastle United,Liverpool,NEW,LIV,2026-08-23T16:30:00Z,2026-08-23,2026-08-23 16:30:00+00:00,True,True,True,1,False,1,1,1
pl,9879,8455,Fulham,Chelsea,FUL,CHE,2026-08-24T20:00:00Z,2026-08-24,2026-08-24 20:00:00+00:00,True,True,True,1,False,1,1,1
lc,100000005,8667,League Cup Av,Hull City,LC,HUL,2026-08-25T19:45:00Z,2026-08-25,2026-08-25 19:45:00+00:00,False,True,True,1,False,1,1,1
lc,100000005,8669,League Cup Av,Coventry City,LC,COV,2026-08-25T19:45:00Z,2026-08-25,2026-08-25 19:45:00+00:00,False,True,True,1,False,1,1,1
lc,9902,100000005,Ipswich Town,League Cup Av,IPS,LC,2026-08-25T19:45:00Z,2026-08-25,2026-08-25 19:45:00+00:00,False,True,True,1,False,1,1,1
lc,10203,8463,Nottingham Forest,Leeds United,NFO,LEE,2026-08-25T20:00:00Z,2026-08-25,2026-08-25 20:00:00+00:00,False,True,True,1,False,1,1,1
lc,100000005,9937,League Cup Av,Brentford,LC,BRE,2026-08-25T20:00:00Z,2026-08-25,2026-08-25 20:00:00+00:00,False,True,True,1,False,1,1,1
lc,8586,100000005,Tottenham Hotspur,League Cup Av,TOT,LC,2026-08-26T19:45:00Z,2026-08-26,2026-08-26 19:45:00+00:00,False,True,True,1,False,1,1,1
lc,10261,100000005,Newcastle United,League Cup Av,NEW,LC,2026-08-26T19:45:00Z,2026-08-26,2026-08-26 19:45:00+00:00,False,True,True,1,False,1,1,1
lc,100000005,8668,League Cup Av,Everton,LC,EVE,2026-08-26T20:00:00Z,2026-08-26,2026-08-26 20:00:00+00:00,False,True,True,1,False,1,1,1
lc,8455,100000005,Chelsea,League Cup Av,CHE,LC,2026-08-27T19:30:00Z,2026-08-27,2026-08-27 19:30:00+00:00,False,True,True,1,False,1,1,1
lc,9879,100000005,Fulham,League Cup Av,FUL,LC,2026-08-27T20:00:00Z,2026-08-27,2026-08-27 20:00:00+00:00,False,True,True,1,False,1,1,1
pl,9826,8456,Crystal Palace,Manchester City,CRY,MCI,2026-08-28T20:00:00Z,2026-08-28,2026-08-28 20:00:00+00:00,True,True,True,1,False,2,2,2
pl,8650,10203,Liverpool,Nottingham Forest,LIV,NFO,2026-08-29T12:30:00Z,2026-08-29,2026-08-29 12:30:00+00:00,True,True,True,1,False,2,2,2
pl,8669,8667,Coventry City,Hull City,COV,HUL,2026-08-29T15:00:00Z,2026-08-29,2026-08-29 15:00:00+00:00,True,True,True,1,False,2,2,2
pl,8678,8668,Bournemouth,Everton,BOU,EVE,2026-08-29T15:00:00Z,2026-08-29,2026-08-29 15:00:00+00:00,True,True,True,1,False,2,2,2
pl,8586,10261,Tottenham Hotspur,Newcastle United,TOT,NEW,2026-08-29T17:30:00Z,2026-08-29,2026-08-29 17:30:00+00:00,True,True,True,1,False,2,2,2
pl,8455,10204,Chelsea,Brighton and Hove Albion,CHE,BHA,2026-08-30T14:00:00Z,2026-08-30,2026-08-30 14:00:00+00:00,True,True,True,1,False,2,2,2
pl,8472,9879,Sunderland,Fulham,SUN,FUL,2026-08-30T14:00:00Z,2026-08-30,2026-08-30 14:00:00+00:00,True,True,True,1,False,2,2,2
pl,8463,9937,Leeds United,Brentford,LEE,BRE,2026-08-30T14:00:00Z,2026-08-30,2026-08-30 14:00:00+00:00,True,True,True,1,False,2,2,2
pl,10260,9902,Manchester United,Ipswich Town,MUN,IPS,2026-08-30T16:30:00Z,2026-08-30,2026-08-30 16:30:00+00:00,True,True,True,1,False,2,2,2
pl,10252,9825,Aston Villa,Arsenal,AVL,ARS,2026-08-31T20:00:00Z,2026-08-31,2026-08-31 20:00:00+00:00,True,True,True,1,False,2,2,2
pl,9902,8650,Ipswich Town,Liverpool,IPS,LIV,2026-09-04T20:00:00Z,2026-09-04,2026-09-04 20:00:00+00:00,True,True,True,1,False,3,3,3
pl,10261,8678,Newcastle United,Bournemouth,NEW,BOU,2026-09-05T12:30:00Z,2026-09-05,2026-09-05 12:30:00+00:00,True,True,True,1,False,3,3,3
pl,10203,8586,Nottingham Forest,Tottenham Hotspur,NFO,TOT,2026-09-05T15:00:00Z,2026-09-05,2026-09-05 15:00:00+00:00,True,True,True,1,False,3,3,3
pl,9937,8472,Brentford,Sunderland,BRE,SUN,2026-09-05T15:00:00Z,2026-09-05,2026-09-05 15:00:00+00:00,True,True,True,1,False,3,3,3
pl,10204,8463,Brighton and Hove Albion,Leeds United,BHA,LEE,2026-09-05T15:00:00Z,2026-09-05,2026-09-05 15:00:00+00:00,True,True,True,1,False,3,3,3
pl,8456,8669,Manchester City,Coventry City,MCI,COV,2026-09-05T15:00:00Z,2026-09-05,2026-09-05 15:00:00+00:00,True,True,True,1,False,3,3,3
pl,9879,9826,Fulham,Crystal Palace,FUL,CRY,2026-09-05T15:00:00Z,2026-09-05,2026-09-05 15:00:00+00:00,True,True,True,1,False,3,3,3
pl,8667,10252,Hull City,Aston Villa,HUL,AVL,2026-09-05T17:30:00Z,2026-09-05,2026-09-05 17:30:00+00:00,True,True,True,1,False,3,3,3
pl,8668,10260,Everton,Manchester United,EVE,MUN,2026-09-06T14:00:00Z,2026-09-06,2026-09-06 14:00:00+00:00,True,True,True,1,False,3,3,3
pl,9825,8455,Arsenal,Chelsea,ARS,CHE,2026-09-06T16:30:00Z,2026-09-06,2026-09-06 16:30:00+00:00,True,True,True,1,False,3,3,3
pl,8650,9879,Liverpool,Fulham,LIV,FUL,2026-09-12T15:00:00Z,2026-09-12,2026-09-12 15:00:00+00:00,True,True,True,1,False,4,4,4
pl,8678,9937,Bournemouth,Brentford,BOU,BRE,2026-09-12T15:00:00Z,2026-09-12,2026-09-12 15:00:00+00:00,True,True,True,1,False,4,4,4
pl,10252,10203,Aston Villa,Nottingham Forest,AVL,NFO,2026-09-12T15:00:00Z,2026-09-12,2026-09-12 15:00:00+00:00,True,True,True,1,False,4,4,4
pl,8455,8667,Chelsea,Hull City,CHE,HUL,2026-09-12T15:00:00Z,2026-09-12,2026-09-12 15:00:00+00:00,True,True,True,1,False,4,4,4
pl,9826,9902,Crystal Palace,Ipswich Town,CRY,IPS,2026-09-12T15:00:00Z,2026-09-12,2026-09-12 15:00:00+00:00,True,True,True,1,False,4,4,4
pl,8586,8668,Tottenham Hotspur,Everton,TOT,EVE,2026-09-12T17:30:00Z,2026-09-12,2026-09-12 17:30:00+00:00,True,True,True,1,False,4,4,4
pl,8472,9825,Sunderland,Arsenal,SUN,ARS,2026-09-12T20:00:00Z,2026-09-12,2026-09-12 20:00:00+00:00,True,True,True,1,False,4,4,4
pl,8669,10204,Coventry City,Brighton and Hove Albion,COV,BHA,2026-09-13T14:00:00Z,2026-09-13,2026-09-13 14:00:00+00:00,True,True,True,1,False,4,4,4
pl,10260,8456,Manchester United,Manchester City,MUN,MCI,2026-09-13T16:30:00Z,2026-09-13,2026-09-13 16:30:00+00:00,True,True,True,1,False,4,4,4
pl,8463,10261,Leeds United,Newcastle United,LEE,NEW,2026-09-14T20:00:00Z,2026-09-14,2026-09-14 20:00:00+00:00,True,True,True,1,False,4,4,4
pl,9937,8455,Brentford,Chelsea,BRE,CHE,2026-09-18T20:00:00Z,2026-09-18,2026-09-18 20:00:00+00:00,True,True,True,1,False,5,5,5
pl,8586,10252,Tottenham Hotspur,Aston Villa,TOT,AVL,2026-09-19T12:30:00Z,2026-09-19,2026-09-19 12:30:00+00:00,True,True,True,1,False,5,5,5
pl,8668,9902,Everton,Ipswich Town,EVE,IPS,2026-09-19T15:00:00Z,2026-09-19,2026-09-19 15:00:00+00:00,True,True,True,1,False,5,5,5
pl,10261,8667,Newcastle United,Hull City,NEW,HUL,2026-09-19T15:00:00Z,2026-09-19,2026-09-19 15:00:00+00:00,True,True,True,1,False,5,5,5
pl,8456,8472,Manchester City,Sunderland,MCI,SUN,2026-09-19T15:00:00Z,2026-09-19,2026-09-19 15:00:00+00:00,True,True,True,1,False,5,5,5
pl,10204,9825,Brighton and Hove Albion,Arsenal,BHA,ARS,2026-09-19T15:00:00Z,2026-09-19,2026-09-19 15:00:00+00:00,True,True,True,1,False,5,5,5
pl,8463,9826,Leeds United,Crystal Palace,LEE,CRY,2026-09-19T15:00:00Z,2026-09-19,2026-09-19 15:00:00+00:00,True,True,True,1,False,5,5,5
pl,10203,8669,Nottingham Forest,Coventry City,NFO,COV,2026-09-19T17:30:00Z,2026-09-19,2026-09-19 17:30:00+00:00,True,True,True,1,False,5,5,5
pl,8678,8650,Bournemouth,Liverpool,BOU,LIV,2026-09-20T14:00:00Z,2026-09-20,2026-09-20 14:00:00+00:00,True,True,True,1,False,5,5,5
pl,9879,10260,Fulham,Manchester United,FUL,MUN,2026-09-20T16:30:00Z,2026-09-20,2026-09-20 16:30:00+00:00,True,True,True,1,False,5,5,5
pl,8455,8678,Chelsea,Bournemouth,CHE,BOU,2026-10-10T15:00:00Z,2026-10-10,2026-10-10 15:00:00+00:00,True,True,True,1,False,6,6,6
pl,9825,8463,Arsenal,Leeds United,ARS,LEE,2026-10-10T15:00:00Z,2026-10-10,2026-10-10 15:00:00+00:00,True,True,True,1,False,6,6,6
pl,8472,10204,Sunderland,Brighton and Hove Albion,SUN,BHA,2026-10-10T15:00:00Z,2026-10-10,2026-10-10 15:00:00+00:00,True,True,True,1,False,6,6,6
pl,10260,8586,Manchester United,Tottenham Hotspur,MUN,TOT,2026-10-10T15:00:00Z,2026-10-10,2026-10-10 15:00:00+00:00,True,True,True,1,False,6,6,6
pl,8650,8456,Liverpool,Manchester City,LIV,MCI,2026-10-10T15:00:00Z,2026-10-10,2026-10-10 15:00:00+00:00,True,True,True,1,False,6,6,6
pl,9902,9879,Ipswich Town,Fulham,IPS,FUL,2026-10-10T15:00:00Z,2026-10-10,2026-10-10 15:00:00+00:00,True,True,True,1,False,6,6,6
pl,8667,8668,Hull City,Everton,HUL,EVE,2026-10-10T15:00:00Z,2026-10-10,2026-10-10 15:00:00+00:00,True,True,True,1,False,6,6,6
pl,9826,10203,Crystal Palace,Nottingham Forest,CRY,NFO,2026-10-10T15:00:00Z,2026-10-10,2026-10-10 15:00:00+00:00,True,True,True,1,False,6,6,6
pl,8669,10261,Coventry City,Newcastle United,COV,NEW,2026-10-10T15:00:00Z,2026-10-10,2026-10-10 15:00:00+00:00,True,True,True,1,False,6,6,6
pl,10252,9937,Aston Villa,Brentford,AVL,BRE,2026-10-10T15:00:00Z,2026-10-10,2026-10-10 15:00:00+00:00,True,True,True,1,False,6,6,6
pl,9937,8650,Brentford,Liverpool,BRE,LIV,2026-10-17T15:00:00Z,2026-10-17,2026-10-17 15:00:00+00:00,True,True,True,1,False,7,7,7
pl,8678,8472,Bournemouth,Sunderland,BOU,SUN,2026-10-17T15:00:00Z,2026-10-17,2026-10-17 15:00:00+00:00,True,True,True,1,False,7,7,7
pl,10204,9826,Brighton and Hove Albion,Crystal Palace,BHA,CRY,2026-10-17T15:00:00Z,2026-10-17,2026-10-17 15:00:00+00:00,True,True,True,1,False,7,7,7
pl,8668,8455,Everton,Chelsea,EVE,CHE,2026-10-17T15:00:00Z,2026-10-17,2026-10-17 15:00:00+00:00,True,True,True,1,False,7,7,7
pl,9879,8667,Fulham,Hull City,FUL,HUL,2026-10-17T15:00:00Z,2026-10-17,2026-10-17 15:00:00+00:00,True,True,True,1,False,7,7,7
pl,8463,10260,Leeds United,Manchester United,LEE,MUN,2026-10-17T15:00:00Z,2026-10-17,2026-10-17 15:00:00+00:00,True,True,True,1,False,7,7,7
pl,8456,9902,Manchester City,Ipswich Town,MCI,IPS,2026-10-17T15:00:00Z,2026-10-17,2026-10-17 15:00:00+00:00,True,True,True,1,False,7,7,7
pl,10261,10252,Newcastle United,Aston Villa,NEW,AVL,2026-10-17T15:00:00Z,2026-10-17,2026-10-17 15:00:00+00:00,True,True,True,1,False,7,7,7
pl,10203,9825,Nottingham Forest,Arsenal,NFO,ARS,2026-10-17T15:00:00Z,2026-10-17,2026-10-17 15:00:00+00:00,True,True,True,1,False,7,7,7
pl,8586,8669,Tottenham Hotspur,Coventry City,TOT,COV,2026-10-17T15:00:00Z,2026-10-17,2026-10-17 15:00:00+00:00,True,True,True,1,False,7,7,7
pl,8472,8463,Sunderland,Leeds United,SUN,LEE,2026-10-24T15:00:00Z,2026-10-24,2026-10-24 15:00:00+00:00,True,True,True,1,False,8,8,8
pl,10260,8678,Manchester United,Bournemouth,MUN,BOU,2026-10-24T15:00:00Z,2026-10-24,2026-10-24 15:00:00+00:00,True,True,True,1,False,8,8,8
pl,8650,10204,Liverpool,Brighton and Hove Albion,LIV,BHA,2026-10-24T15:00:00Z,2026-10-24,2026-10-24 15:00:00+00:00,True,True,True,1,False,8,8,8
pl,9902,10203,Ipswich Town,Nottingham Forest,IPS,NFO,2026-10-24T15:00:00Z,2026-10-24,2026-10-24 15:00:00+00:00,True,True,True,1,False,8,8,8
pl,8667,9937,Hull City,Brentford,HUL,BRE,2026-10-24T15:00:00Z,2026-10-24,2026-10-24 15:00:00+00:00,True,True,True,1,False,8,8,8
pl,10252,8456,Aston Villa,Manchester City,AVL,MCI,2026-10-24T15:00:00Z,2026-10-24,2026-10-24 15:00:00+00:00,True,True,True,1,False,8,8,8
pl,8669,9879,Coventry City,Fulham,COV,FUL,2026-10-24T15:00:00Z,2026-10-24,2026-10-24 15:00:00+00:00,True,True,True,1,False,8,8,8
pl,8455,8586,Chelsea,Tottenham Hotspur,CHE,TOT,2026-10-24T15:00:00Z,2026-10-24,2026-10-24 15:00:00+00:00,True,True,True,1,False,8,8,8
pl,9825,8668,Arsenal,Everton,ARS,EVE,2026-10-24T15:00:00Z,2026-10-24,2026-10-24 15:00:00+00:00,True,True,True,1,False,8,8,8
pl,9826,10261,Crystal Palace,Newcastle United,CRY,NEW,2026-10-24T15:00:00Z,2026-10-24,2026-10-24 15:00:00+00:00,True,True,True,1,False,8,8,8
pl,8456,10204,Manchester City,Brighton and Hove Albion,MCI,BHA,2026-10-31T15:00:00Z,2026-10-31,2026-10-31 15:00:00+00:00,True,True,True,1,False,9,9,9
pl,8586,9826,Tottenham Hotspur,Crystal Palace,TOT,CRY,2026-10-31T15:00:00Z,2026-10-31,2026-10-31 15:00:00+00:00,True,True,True,1,False,9,9,9
pl,10261,8668,Newcastle United,Everton,NEW,EVE,2026-10-31T15:00:00Z,2026-10-31,2026-10-31 15:00:00+00:00,True,True,True,1,False,9,9,9
pl,8667,9902,Hull City,Ipswich Town,HUL,IPS,2026-10-31T15:00:00Z,2026-10-31,2026-10-31 15:00:00+00:00,True,True,True,1,False,9,9,9
pl,8650,9825,Liverpool,Arsenal,LIV,ARS,2026-10-31T15:00:00Z,2026-10-31,2026-10-31 15:00:00+00:00,True,True,True,1,False,9,9,9
pl,10252,9879,Aston Villa,Fulham,AVL,FUL,2026-10-31T15:00:00Z,2026-10-31,2026-10-31 15:00:00+00:00,True,True,True,1,False,9,9,9
pl,9937,10203,Brentford,Nottingham Forest,BRE,NFO,2026-10-31T15:00:00Z,2026-10-31,2026-10-31 15:00:00+00:00,True,True,True,1,False,9,9,9
pl,8455,10260,Chelsea,Manchester United,CHE,MUN,2026-10-31T15:00:00Z,2026-10-31,2026-10-31 15:00:00+00:00,True,True,True,1,False,9,9,9
pl,8669,8472,Coventry City,Sunderland,COV,SUN,2026-10-31T15:00:00Z,2026-10-31,2026-10-31 15:00:00+00:00,True,True,True,1,False,9,9,9
pl,8678,8463,Bournemouth,Leeds United,BOU,LEE,2026-10-31T15:00:00Z,2026-10-31,2026-10-31 15:00:00+00:00,True,True,True,1,False,9,9,9
pl,9825,8667,Arsenal,Hull City,ARS,HUL,2026-11-07T15:00:00Z,2026-11-07,2026-11-07 15:00:00+00:00,True,True,True,1,False,10,10,10
pl,8472,8455,Sunderland,Chelsea,SUN,CHE,2026-11-07T15:00:00Z,2026-11-07,2026-11-07 15:00:00+00:00,True,True,True,1,False,10,10,10
pl,10260,10252,Manchester United,Aston Villa,MUN,AVL,2026-11-07T15:00:00Z,2026-11-07,2026-11-07 15:00:00+00:00,True,True,True,1,False,10,10,10
pl,8463,8586,Leeds United,Tottenham Hotspur,LEE,TOT,2026-11-07T15:00:00Z,2026-11-07,2026-11-07 15:00:00+00:00,True,True,True,1,False,10,10,10
pl,10203,8456,Nottingham Forest,Manchester City,NFO,MCI,2026-11-07T15:00:00Z,2026-11-07,2026-11-07 15:00:00+00:00,True,True,True,1,False,10,10,10
pl,9879,10261,Fulham,Newcastle United,FUL,NEW,2026-11-07T15:00:00Z,2026-11-07,2026-11-07 15:00:00+00:00,True,True,True,1,False,10,10,10
pl,8668,8669,Everton,Coventry City,EVE,COV,2026-11-07T15:00:00Z,2026-11-07,2026-11-07 15:00:00+00:00,True,True,True,1,False,10,10,10
pl,9826,8650,Crystal Palace,Liverpool,CRY,LIV,2026-11-07T15:00:00Z,2026-11-07,2026-11-07 15:00:00+00:00,True,True,True,1,False,10,10,10
pl,10204,9937,Brighton and Hove Albion,Brentford,BHA,BRE,2026-11-07T15:00:00Z,2026-11-07,2026-11-07 15:00:00+00:00,True,True,True,1,False,10,10,10
pl,9902,8678,Ipswich Town,Bournemouth,IPS,BOU,2026-11-07T15:00:00Z,2026-11-07,2026-11-07 15:00:00+00:00,True,True,True,1,False,10,10,10
pl,10252,8472,Aston Villa,Sunderland,AVL,SUN,2026-11-21T15:00:00Z,2026-11-21,2026-11-21 15:00:00+00:00,True,True,True,1,False,11,11,11
pl,9937,8668,Brentford,Everton,BRE,EVE,2026-11-21T15:00:00Z,2026-11-21,2026-11-21 15:00:00+00:00,True,True,True,1,False,11,11,11
pl,8455,8463,Chelsea,Leeds United,CHE,LEE,2026-11-21T15:00:00Z,2026-11-21,2026-11-21 15:00:00+00:00,True,True,True,1,False,11,11,11
pl,8669,9826,Coventry City,Crystal Palace,COV,CRY,2026-11-21T15:00:00Z,2026-11-21,2026-11-21 15:00:00+00:00,True,True,True,1,False,11,11,11
pl,8667,10204,Hull City,Brighton and Hove Albion,HUL,BHA,2026-11-21T15:00:00Z,2026-11-21,2026-11-21 15:00:00+00:00,True,True,True,1,False,11,11,11
pl,8650,10260,Liverpool,Manchester United,LIV,MUN,2026-11-21T15:00:00Z,2026-11-21,2026-11-21 15:00:00+00:00,True,True,True,1,False,11,11,11
pl,8456,9879,Manchester City,Fulham,MCI,FUL,2026-11-21T15:00:00Z,2026-11-21,2026-11-21 15:00:00+00:00,True,True,True,1,False,11,11,11
pl,10261,9825,Newcastle United,Arsenal,NEW,ARS,2026-11-21T15:00:00Z,2026-11-21,2026-11-21 15:00:00+00:00,True,True,True,1,False,11,11,11
pl,8678,10203,Bournemouth,Nottingham Forest,BOU,NFO,2026-11-21T15:00:00Z,2026-11-21,2026-11-21 15:00:00+00:00,True,True,True,1,False,11,11,11
pl,8586,9902,Tottenham Hotspur,Ipswich Town,TOT,IPS,2026-11-21T15:00:00Z,2026-11-21,2026-11-21 15:00:00+00:00,True,True,True,1,False,11,11,11
pl,9879,8678,Fulham,Bournemouth,FUL,BOU,2026-11-28T15:00:00Z,2026-11-28,2026-11-28 15:00:00+00:00,True,True,True,1,False,12,12,12
pl,10204,10261,Brighton and Hove Albion,Newcastle United,BHA,NEW,2026-11-28T15:00:00Z,2026-11-28,2026-11-28 15:00:00+00:00,True,True,True,1,False,12,12,12
pl,9825,8456,Arsenal,Manchester City,ARS,MCI,2026-11-28T15:00:00Z,2026-11-28,2026-11-28 15:00:00+00:00,True,True,True,1,False,12,12,12
pl,8472,8586,Sunderland,Tottenham Hotspur,SUN,TOT,2026-11-28T15:00:00Z,2026-11-28,2026-11-28 15:00:00+00:00,True,True,True,1,False,12,12,12
pl,10203,8455,Nottingham Forest,Chelsea,NFO,CHE,2026-11-28T15:00:00Z,2026-11-28,2026-11-28 15:00:00+00:00,True,True,True,1,False,12,12,12
pl,10260,9937,Manchester United,Brentford,MUN,BRE,2026-11-28T15:00:00Z,2026-11-28,2026-11-28 15:00:00+00:00,True,True,True,1,False,12,12,12
pl,9826,8667,Crystal Palace,Hull City,CRY,HUL,2026-11-28T15:00:00Z,2026-11-28,2026-11-28 15:00:00+00:00,True,True,True,1,False,12,12,12
pl,8668,8650,Everton,Liverpool,EVE,LIV,2026-11-28T15:00:00Z,2026-11-28,2026-11-28 15:00:00+00:00,True,True,True,1,False,12,12,12
pl,8463,8669,Leeds United,Coventry City,LEE,COV,2026-11-28T15:00:00Z,2026-11-28,2026-11-28 15:00:00+00:00,True,True,True,1,False,12,12,12
pl,9902,10252,Ipswich Town,Aston Villa,IPS,AVL,2026-11-28T15:00:00Z,2026-11-28,2026-11-28 15:00:00+00:00,True,True,True,1,False,12,12,12
pl,8667,10203,Hull City,Nottingham Forest,HUL,NFO,2026-12-02T20:00:00Z,2026-12-02,2026-12-02 20:00:00+00:00,True,True,True,1,False,13,13,13
pl,8669,9902,Coventry City,Ipswich Town,COV,IPS,2026-12-02T20:00:00Z,2026-12-02,2026-12-02 20:00:00+00:00,True,True,True,1,False,13,13,13
pl,8455,9826,Chelsea,Crystal Palace,CHE,CRY,2026-12-02T20:00:00Z,2026-12-02,2026-12-02 20:00:00+00:00,True,True,True,1,False,13,13,13
pl,9937,9825,Brentford,Arsenal,BRE,ARS,2026-12-02T20:00:00Z,2026-12-02,2026-12-02 20:00:00+00:00,True,True,True,1,False,13,13,13
pl,10252,8668,Aston Villa,Everton,AVL,EVE,2026-12-02T20:00:00Z,2026-12-02,2026-12-02 20:00:00+00:00,True,True,True,1,False,13,13,13
pl,10261,10260,Newcastle United,Manchester United,NEW,MUN,2026-12-02T20:00:00Z,2026-12-02,2026-12-02 20:00:00+00:00,True,True,True,1,False,13,13,13
pl,8678,10204,Bournemouth,Brighton and Hove Albion,BOU,BHA,2026-12-02T20:00:00Z,2026-12-02,2026-12-02 20:00:00+00:00,True,True,True,1,False,13,13,13
pl,8586,9879,Tottenham Hotspur,Fulham,TOT,FUL,2026-12-02T20:00:00Z,2026-12-02,2026-12-02 20:00:00+00:00,True,True,True,1,False,13,13,13
pl,8650,8472,Liverpool,Sunderland,LIV,SUN,2026-12-02T20:00:00Z,2026-12-02,2026-12-02 20:00:00+00:00,True,True,True,1,False,13,13,13
pl,8456,8463,Manchester City,Leeds United,MCI,LEE,2026-12-02T20:00:00Z,2026-12-02,2026-12-02 20:00:00+00:00,True,True,True,1,False,13,13,13
pl,8678,8667,Bournemouth,Hull City,BOU,HUL,2026-12-05T15:00:00Z,2026-12-05,2026-12-05 15:00:00+00:00,True,True,True,1,False,14,14,14
pl,10252,9826,Aston Villa,Crystal Palace,AVL,CRY,2026-12-05T15:00:00Z,2026-12-05,2026-12-05 15:00:00+00:00,True,True,True,1,False,14,14,14
pl,9937,8456,Brentford,Manchester City,BRE,MCI,2026-12-05T15:00:00Z,2026-12-05,2026-12-05 15:00:00+00:00,True,True,True,1,False,14,14,14
pl,8455,8650,Chelsea,Liverpool,CHE,LIV,2026-12-05T15:00:00Z,2026-12-05,2026-12-05 15:00:00+00:00,True,True,True,1,False,14,14,14
pl,8668,9879,Everton,Fulham,EVE,FUL,2026-12-05T15:00:00Z,2026-12-05,2026-12-05 15:00:00+00:00,True,True,True,1,False,14,14,14
pl,8463,9902,Leeds United,Ipswich Town,LEE,IPS,2026-12-05T15:00:00Z,2026-12-05,2026-12-05 15:00:00+00:00,True,True,True,1,False,14,14,14
pl,10260,8669,Manchester United,Coventry City,MUN,COV,2026-12-05T15:00:00Z,2026-12-05,2026-12-05 15:00:00+00:00,True,True,True,1,False,14,14,14
pl,10261,8472,Newcastle United,Sunderland,NEW,SUN,2026-12-05T15:00:00Z,2026-12-05,2026-12-05 15:00:00+00:00,True,True,True,1,False,14,14,14
pl,10203,10204,Nottingham Forest,Brighton and Hove Albion,NFO,BHA,2026-12-05T15:00:00Z,2026-12-05,2026-12-05 15:00:00+00:00,True,True,True,1,False,14,14,14
pl,8586,9825,Tottenham Hotspur,Arsenal,TOT,ARS,2026-12-05T15:00:00Z,2026-12-05,2026-12-05 15:00:00+00:00,True,True,True,1,False,14,14,14
pl,9879,9937,Fulham,Brentford,FUL,BRE,2026-12-12T15:00:00Z,2026-12-12,2026-12-12 15:00:00+00:00,True,True,True,1,False,15,15,15
pl,8667,8586,Hull City,Tottenham Hotspur,HUL,TOT,2026-12-12T15:00:00Z,2026-12-12,2026-12-12 15:00:00+00:00,True,True,True,1,False,15,15,15
pl,9902,10261,Ipswich Town,Newcastle United,IPS,NEW,2026-12-12T15:00:00Z,2026-12-12,2026-12-12 15:00:00+00:00,True,True,True,1,False,15,15,15
pl,8650,8463,Liverpool,Leeds United,LIV,LEE,2026-12-12T15:00:00Z,2026-12-12,2026-12-12 15:00:00+00:00,True,True,True,1,False,15,15,15
pl,8456,8455,Manchester City,Chelsea,MCI,CHE,2026-12-12T15:00:00Z,2026-12-12,2026-12-12 15:00:00+00:00,True,True,True,1,False,15,15,15
pl,8472,10203,Sunderland,Nottingham Forest,SUN,NFO,2026-12-12T15:00:00Z,2026-12-12,2026-12-12 15:00:00+00:00,True,True,True,1,False,15,15,15
pl,9826,10260,Crystal Palace,Manchester United,CRY,MUN,2026-12-12T15:00:00Z,2026-12-12,2026-12-12 15:00:00+00:00,True,True,True,1,False,15,15,15
pl,9825,8678,Arsenal,Bournemouth,ARS,BOU,2026-12-12T15:00:00Z,2026-12-12,2026-12-12 15:00:00+00:00,True,True,True,1,False,15,15,15
pl,10204,8668,Brighton and Hove Albion,Everton,BHA,EVE,2026-12-12T15:00:00Z,2026-12-12,2026-12-12 15:00:00+00:00,True,True,True,1,False,15,15,15
pl,8669,10252,Coventry City,Aston Villa,COV,AVL,2026-12-12T15:00:00Z,2026-12-12,2026-12-12 15:00:00+00:00,True,True,True,1,False,15,15,15
pl,8678,8669,Bournemouth,Coventry City,BOU,COV,2026-12-19T15:00:00Z,2026-12-19,2026-12-19 15:00:00+00:00,True,True,True,1,False,16,16,16
pl,9825,10260,Arsenal,Manchester United,ARS,MUN,2026-12-19T15:00:00Z,2026-12-19,2026-12-19 15:00:00+00:00,True,True,True,1,False,16,16,16
pl,9937,10261,Brentford,Newcastle United,BRE,NEW,2026-12-19T15:00:00Z,2026-12-19,2026-12-19 15:00:00+00:00,True,True,True,1,False,16,16,16
pl,8455,10252,Chelsea,Aston Villa,CHE,AVL,2026-12-19T15:00:00Z,2026-12-19,2026-12-19 15:00:00+00:00,True,True,True,1,False,16,16,16
pl,8463,9879,Leeds United,Fulham,LEE,FUL,2026-12-19T15:00:00Z,2026-12-19,2026-12-19 15:00:00+00:00,True,True,True,1,False,16,16,16
pl,8650,8586,Liverpool,Tottenham Hotspur,LIV,TOT,2026-12-19T15:00:00Z,2026-12-19,2026-12-19 15:00:00+00:00,True,True,True,1,False,16,16,16
pl,10204,9902,Brighton and Hove Albion,Ipswich Town,BHA,IPS,2026-12-19T15:00:00Z,2026-12-19,2026-12-19 15:00:00+00:00,True,True,True,1,False,16,16,16
pl,8472,9826,Sunderland,Crystal Palace,SUN,CRY,2026-12-19T15:00:00Z,2026-12-19,2026-12-19 15:00:00+00:00,True,True,True,1,False,16,16,16
pl,10203,8668,Nottingham Forest,Everton,NFO,EVE,2026-12-19T15:00:00Z,2026-12-19,2026-12-19 15:00:00+00:00,True,True,True,1,False,16,16,16
pl,8456,8667,Manchester City,Hull City,MCI,HUL,2026-12-19T15:00:00Z,2026-12-19,2026-12-19 15:00:00+00:00,True,True,True,1,False,16,16,16
pl,8667,8650,Hull City,Liverpool,HUL,LIV,2026-12-26T15:00:00Z,2026-12-26,2026-12-26 15:00:00+00:00,True,True,True,1,False,17,17,17
pl,8586,8678,Tottenham Hotspur,Bournemouth,TOT,BOU,2026-12-26T15:00:00Z,2026-12-26,2026-12-26 15:00:00+00:00,True,True,True,1,False,17,17,17
pl,10261,8456,Newcastle United,Manchester City,NEW,MCI,2026-12-26T15:00:00Z,2026-12-26,2026-12-26 15:00:00+00:00,True,True,True,1,False,17,17,17
pl,10260,10203,Manchester United,Nottingham Forest,MUN,NFO,2026-12-26T15:00:00Z,2026-12-26,2026-12-26 15:00:00+00:00,True,True,True,1,False,17,17,17
pl,9902,9937,Ipswich Town,Brentford,IPS,BRE,2026-12-26T15:00:00Z,2026-12-26,2026-12-26 15:00:00+00:00,True,True,True,1,False,17,17,17
pl,8669,8455,Coventry City,Chelsea,COV,CHE,2026-12-26T15:00:00Z,2026-12-26,2026-12-26 15:00:00+00:00,True,True,True,1,False,17,17,17
pl,9826,9825,Crystal Palace,Arsenal,CRY,ARS,2026-12-26T15:00:00Z,2026-12-26,2026-12-26 15:00:00+00:00,True,True,True,1,False,17,17,17
pl,8668,8472,Everton,Sunderland,EVE,SUN,2026-12-26T15:00:00Z,2026-12-26,2026-12-26 15:00:00+00:00,True,True,True,1,False,17,17,17
pl,9879,10204,Fulham,Brighton and Hove Albion,FUL,BHA,2026-12-26T15:00:00Z,2026-12-26,2026-12-26 15:00:00+00:00,True,True,True,1,False,17,17,17
pl,10252,8463,Aston Villa,Leeds United,AVL,LEE,2026-12-26T15:00:00Z,2026-12-26,2026-12-26 15:00:00+00:00,True,True,True,1,False,17,17,17
pl,8586,10204,Tottenham Hotspur,Brighton and Hove Albion,TOT,BHA,2026-12-30T20:00:00Z,2026-12-30,2026-12-30 20:00:00+00:00,True,True,True,1,False,18,18,18
pl,10261,10203,Newcastle United,Nottingham Forest,NEW,NFO,2026-12-30T20:00:00Z,2026-12-30,2026-12-30 20:00:00+00:00,True,True,True,1,False,18,18,18
pl,10260,8472,Manchester United,Sunderland,MUN,SUN,2026-12-30T20:00:00Z,2026-12-30,2026-12-30 20:00:00+00:00,True,True,True,1,False,18,18,18
pl,9902,8455,Ipswich Town,Chelsea,IPS,CHE,2026-12-30T20:00:00Z,2026-12-30,2026-12-30 20:00:00+00:00,True,True,True,1,False,18,18,18
pl,9879,9825,Fulham,Arsenal,FUL,ARS,2026-12-30T20:00:00Z,2026-12-30,2026-12-30 20:00:00+00:00,True,True,True,1,False,18,18,18
pl,8668,8456,Everton,Manchester City,EVE,MCI,2026-12-30T20:00:00Z,2026-12-30,2026-12-30 20:00:00+00:00,True,True,True,1,False,18,18,18
pl,9826,8678,Crystal Palace,Bournemouth,CRY,BOU,2026-12-30T20:00:00Z,2026-12-30,2026-12-30 20:00:00+00:00,True,True,True,1,False,18,18,18
pl,8669,9937,Coventry City,Brentford,COV,BRE,2026-12-30T20:00:00Z,2026-12-30,2026-12-30 20:00:00+00:00,True,True,True,1,False,18,18,18
pl,10252,8650,Aston Villa,Liverpool,AVL,LIV,2026-12-30T20:00:00Z,2026-12-30,2026-12-30 20:00:00+00:00,True,True,True,1,False,18,18,18
pl,8667,8463,Hull City,Leeds United,HUL,LEE,2026-12-30T20:00:00Z,2026-12-30,2026-12-30 20:00:00+00:00,True,True,True,1,False,18,18,18
pl,8678,10252,Bournemouth,Aston Villa,BOU,AVL,2027-01-02T15:00:00Z,2027-01-02,2027-01-02 15:00:00+00:00,True,True,True,1,False,19,19,19
pl,9825,9902,Arsenal,Ipswich Town,ARS,IPS,2027-01-02T15:00:00Z,2027-01-02,2027-01-02 15:00:00+00:00,True,True,True,1,False,19,19,19
pl,9937,9826,Brentford,Crystal Palace,BRE,CRY,2027-01-02T15:00:00Z,2027-01-02,2027-01-02 15:00:00+00:00,True,True,True,1,False,19,19,19
pl,10204,10260,Brighton and Hove Albion,Manchester United,BHA,MUN,2027-01-02T15:00:00Z,2027-01-02,2027-01-02 15:00:00+00:00,True,True,True,1,False,19,19,19
pl,8455,10261,Chelsea,Newcastle United,CHE,NEW,2027-01-02T15:00:00Z,2027-01-02,2027-01-02 15:00:00+00:00,True,True,True,1,False,19,19,19
pl,8463,8668,Leeds United,Everton,LEE,EVE,2027-01-02T15:00:00Z,2027-01-02,2027-01-02 15:00:00+00:00,True,True,True,1,False,19,19,19
pl,8650,8669,Liverpool,Coventry City,LIV,COV,2027-01-02T15:00:00Z,2027-01-02,2027-01-02 15:00:00+00:00,True,True,True,1,False,19,19,19
pl,8456,8586,Manchester City,Tottenham Hotspur,MCI,TOT,2027-01-02T15:00:00Z,2027-01-02,2027-01-02 15:00:00+00:00,True,True,True,1,False,19,19,19
pl,10203,9879,Nottingham Forest,Fulham,NFO,FUL,2027-01-02T15:00:00Z,2027-01-02,2027-01-02 15:00:00+00:00,True,True,True,1,False,19,19,19
pl,8472,8667,Sunderland,Hull City,SUN,HUL,2027-01-02T15:00:00Z,2027-01-02,2027-01-02 15:00:00+00:00,True,True,True,1,False,19,19,19
pl,9825,9937,Arsenal,Brentford,ARS,BRE,2027-01-06T20:00:00Z,2027-01-06,2027-01-06 20:00:00+00:00,True,True,True,1,False,20,20,20
pl,9826,8455,Crystal Palace,Chelsea,CRY,CHE,2027-01-06T20:00:00Z,2027-01-06,2027-01-06 20:00:00+00:00,True,True,True,1,False,20,20,20
pl,8668,10252,Everton,Aston Villa,EVE,AVL,2027-01-06T20:00:00Z,2027-01-06,2027-01-06 20:00:00+00:00,True,True,True,1,False,20,20,20
pl,9879,8586,Fulham,Tottenham Hotspur,FUL,TOT,2027-01-06T20:00:00Z,2027-01-06,2027-01-06 20:00:00+00:00,True,True,True,1,False,20,20,20
pl,9902,8669,Ipswich Town,Coventry City,IPS,COV,2027-01-06T20:00:00Z,2027-01-06,2027-01-06 20:00:00+00:00,True,True,True,1,False,20,20,20
pl,8463,8456,Leeds United,Manchester City,LEE,MCI,2027-01-06T20:00:00Z,2027-01-06,2027-01-06 20:00:00+00:00,True,True,True,1,False,20,20,20
pl,10260,10261,Manchester United,Newcastle United,MUN,NEW,2027-01-06T20:00:00Z,2027-01-06,2027-01-06 20:00:00+00:00,True,True,True,1,False,20,20,20
pl,10203,8667,Nottingham Forest,Hull City,NFO,HUL,2027-01-06T20:00:00Z,2027-01-06,2027-01-06 20:00:00+00:00,True,True,True,1,False,20,20,20
pl,8472,8650,Sunderland,Liverpool,SUN,LIV,2027-01-06T20:00:00Z,2027-01-06,2027-01-06 20:00:00+00:00,True,True,True,1,False,20,20,20
pl,10204,8678,Brighton and Hove Albion,Bournemouth,BHA,BOU,2027-01-06T20:00:00Z,2027-01-06,2027-01-06 20:00:00+00:00,True,True,True,1,False,20,20,20
pl,8586,8463,Tottenham Hotspur,Leeds United,TOT,LEE,2027-01-16T15:00:00Z,2027-01-16,2027-01-16 15:00:00+00:00,True,True,True,1,False,21,21,21
pl,10261,9879,Newcastle United,Fulham,NEW,FUL,2027-01-16T15:00:00Z,2027-01-16,2027-01-16 15:00:00+00:00,True,True,True,1,False,21,21,21
pl,8456,10203,Manchester City,Nottingham Forest,MCI,NFO,2027-01-16T15:00:00Z,2027-01-16,2027-01-16 15:00:00+00:00,True,True,True,1,False,21,21,21
pl,8650,9826,Liverpool,Crystal Palace,LIV,CRY,2027-01-16T15:00:00Z,2027-01-16,2027-01-16 15:00:00+00:00,True,True,True,1,False,21,21,21
pl,8455,8472,Chelsea,Sunderland,CHE,SUN,2027-01-16T15:00:00Z,2027-01-16,2027-01-16 15:00:00+00:00,True,True,True,1,False,21,21,21
pl,8669,8668,Coventry City,Everton,COV,EVE,2027-01-16T15:00:00Z,2027-01-16,2027-01-16 15:00:00+00:00,True,True,True,1,False,21,21,21
pl,9937,10204,Brentford,Brighton and Hove Albion,BRE,BHA,2027-01-16T15:00:00Z,2027-01-16,2027-01-16 15:00:00+00:00,True,True,True,1,False,21,21,21
pl,10252,10260,Aston Villa,Manchester United,AVL,MUN,2027-01-16T15:00:00Z,2027-01-16,2027-01-16 15:00:00+00:00,True,True,True,1,False,21,21,21
pl,8678,9902,Bournemouth,Ipswich Town,BOU,IPS,2027-01-16T15:00:00Z,2027-01-16,2027-01-16 15:00:00+00:00,True,True,True,1,False,21,21,21
pl,8667,9825,Hull City,Arsenal,HUL,ARS,2027-01-16T15:00:00Z,2027-01-16,2027-01-16 15:00:00+00:00,True,True,True,1,False,21,21,21
pl,10260,8650,Manchester United,Liverpool,MUN,LIV,2027-01-23T15:00:00Z,2027-01-23,2027-01-23 15:00:00+00:00,True,True,True,1,False,22,22,22
pl,8472,8669,Sunderland,Coventry City,SUN,COV,2027-01-23T15:00:00Z,2027-01-23,2027-01-23 15:00:00+00:00,True,True,True,1,False,22,22,22
pl,10203,8678,Nottingham Forest,Bournemouth,NFO,BOU,2027-01-23T15:00:00Z,2027-01-23,2027-01-23 15:00:00+00:00,True,True,True,1,False,22,22,22
pl,8463,8455,Leeds United,Chelsea,LEE,CHE,2027-01-23T15:00:00Z,2027-01-23,2027-01-23 15:00:00+00:00,True,True,True,1,False,22,22,22
pl,8668,9937,Everton,Brentford,EVE,BRE,2027-01-23T15:00:00Z,2027-01-23,2027-01-23 15:00:00+00:00,True,True,True,1,False,22,22,22
pl,9879,10252,Fulham,Aston Villa,FUL,AVL,2027-01-23T15:00:00Z,2027-01-23,2027-01-23 15:00:00+00:00,True,True,True,1,False,22,22,22
pl,9825,10261,Arsenal,Newcastle United,ARS,NEW,2027-01-23T15:00:00Z,2027-01-23,2027-01-23 15:00:00+00:00,True,True,True,1,False,22,22,22
pl,9826,8586,Crystal Palace,Tottenham Hotspur,CRY,TOT,2027-01-23T15:00:00Z,2027-01-23,2027-01-23 15:00:00+00:00,True,True,True,1,False,22,22,22
pl,10204,8456,Brighton and Hove Albion,Manchester City,BHA,MCI,2027-01-23T15:00:00Z,2027-01-23,2027-01-23 15:00:00+00:00,True,True,True,1,False,22,22,22
pl,9902,8667,Ipswich Town,Hull City,IPS,HUL,2027-01-23T15:00:00Z,2027-01-23,2027-01-23 15:00:00+00:00,True,True,True,1,False,22,22,22
pl,8586,8472,Tottenham Hotspur,Sunderland,TOT,SUN,2027-01-30T15:00:00Z,2027-01-30,2027-01-30 15:00:00+00:00,True,True,True,1,False,23,23,23
pl,10261,10204,Newcastle United,Brighton and Hove Albion,NEW,BHA,2027-01-30T15:00:00Z,2027-01-30,2027-01-30 15:00:00+00:00,True,True,True,1,False,23,23,23
pl,8456,9825,Manchester City,Arsenal,MCI,ARS,2027-01-30T15:00:00Z,2027-01-30,2027-01-30 15:00:00+00:00,True,True,True,1,False,23,23,23
pl,8650,8668,Liverpool,Everton,LIV,EVE,2027-01-30T15:00:00Z,2027-01-30,2027-01-30 15:00:00+00:00,True,True,True,1,False,23,23,23
pl,8667,9826,Hull City,Crystal Palace,HUL,CRY,2027-01-30T15:00:00Z,2027-01-30,2027-01-30 15:00:00+00:00,True,True,True,1,False,23,23,23
pl,8455,10203,Chelsea,Nottingham Forest,CHE,NFO,2027-01-30T15:00:00Z,2027-01-30,2027-01-30 15:00:00+00:00,True,True,True,1,False,23,23,23
pl,9937,10260,Brentford,Manchester United,BRE,MUN,2027-01-30T15:00:00Z,2027-01-30,2027-01-30 15:00:00+00:00,True,True,True,1,False,23,23,23
pl,10252,9902,Aston Villa,Ipswich Town,AVL,IPS,2027-01-30T15:00:00Z,2027-01-30,2027-01-30 15:00:00+00:00,True,True,True,1,False,23,23,23
pl,8678,9879,Bournemouth,Fulham,BOU,FUL,2027-01-30T15:00:00Z,2027-01-30,2027-01-30 15:00:00+00:00,True,True,True,1,False,23,23,23
pl,8669,8463,Coventry City,Leeds United,COV,LEE,2027-01-30T15:00:00Z,2027-01-30,2027-01-30 15:00:00+00:00,True,True,True,1,False,23,23,23
pl,8472,10252,Sunderland,Aston Villa,SUN,AVL,2027-02-06T15:00:00Z,2027-02-06,2027-02-06 15:00:00+00:00,True,True,True,1,False,24,24,24
pl,10260,8455,Manchester United,Chelsea,MUN,CHE,2027-02-06T15:00:00Z,2027-02-06,2027-02-06 15:00:00+00:00,True,True,True,1,False,24,24,24
pl,10203,9937,Nottingham Forest,Brentford,NFO,BRE,2027-02-06T15:00:00Z,2027-02-06,2027-02-06 15:00:00+00:00,True,True,True,1,False,24,24,24
pl,8463,8678,Leeds United,Bournemouth,LEE,BOU,2027-02-06T15:00:00Z,2027-02-06,2027-02-06 15:00:00+00:00,True,True,True,1,False,24,24,24
pl,10204,8667,Brighton and Hove Albion,Hull City,BHA,HUL,2027-02-06T15:00:00Z,2027-02-06,2027-02-06 15:00:00+00:00,True,True,True,1,False,24,24,24
pl,9879,8456,Fulham,Manchester City,FUL,MCI,2027-02-06T15:00:00Z,2027-02-06,2027-02-06 15:00:00+00:00,True,True,True,1,False,24,24,24
pl,8668,10261,Everton,Newcastle United,EVE,NEW,2027-02-06T15:00:00Z,2027-02-06,2027-02-06 15:00:00+00:00,True,True,True,1,False,24,24,24
pl,9826,8669,Crystal Palace,Coventry City,CRY,COV,2027-02-06T15:00:00Z,2027-02-06,2027-02-06 15:00:00+00:00,True,True,True,1,False,24,24,24
pl,9825,8650,Arsenal,Liverpool,ARS,LIV,2027-02-06T15:00:00Z,2027-02-06,2027-02-06 15:00:00+00:00,True,True,True,1,False,24,24,24
pl,9902,8586,Ipswich Town,Tottenham Hotspur,IPS,TOT,2027-02-06T15:00:00Z,2027-02-06,2027-02-06 15:00:00+00:00,True,True,True,1,False,24,24,24
pl,8586,8456,Tottenham Hotspur,Manchester City,TOT,MCI,2027-02-10T20:00:00Z,2027-02-10,2027-02-10 20:00:00+00:00,True,True,True,1,False,25,25,25
pl,10261,8455,Newcastle United,Chelsea,NEW,CHE,2027-02-10T20:00:00Z,2027-02-10,2027-02-10 20:00:00+00:00,True,True,True,1,False,25,25,25
pl,10260,10204,Manchester United,Brighton and Hove Albion,MUN,BHA,2027-02-10T20:00:00Z,2027-02-10,2027-02-10 20:00:00+00:00,True,True,True,1,False,25,25,25
pl,9902,9825,Ipswich Town,Arsenal,IPS,ARS,2027-02-10T20:00:00Z,2027-02-10,2027-02-10 20:00:00+00:00,True,True,True,1,False,25,25,25
pl,8667,8472,Hull City,Sunderland,HUL,SUN,2027-02-10T20:00:00Z,2027-02-10,2027-02-10 20:00:00+00:00,True,True,True,1,False,25,25,25
pl,8668,8463,Everton,Leeds United,EVE,LEE,2027-02-10T20:00:00Z,2027-02-10,2027-02-10 20:00:00+00:00,True,True,True,1,False,25,25,25
pl,9826,9937,Crystal Palace,Brentford,CRY,BRE,2027-02-10T20:00:00Z,2027-02-10,2027-02-10 20:00:00+00:00,True,True,True,1,False,25,25,25
pl,8669,8650,Coventry City,Liverpool,COV,LIV,2027-02-10T20:00:00Z,2027-02-10,2027-02-10 20:00:00+00:00,True,True,True,1,False,25,25,25
pl,10252,8678,Aston Villa,Bournemouth,AVL,BOU,2027-02-10T20:00:00Z,2027-02-10,2027-02-10 20:00:00+00:00,True,True,True,1,False,25,25,25
pl,9879,10203,Fulham,Nottingham Forest,FUL,NFO,2027-02-10T20:00:00Z,2027-02-10,2027-02-10 20:00:00+00:00,True,True,True,1,False,25,25,25
pl,8472,8668,Sunderland,Everton,SUN,EVE,2027-02-20T15:00:00Z,2027-02-20,2027-02-20 15:00:00+00:00,True,True,True,1,False,26,26,26
pl,10203,10260,Nottingham Forest,Manchester United,NFO,MUN,2027-02-20T15:00:00Z,2027-02-20,2027-02-20 15:00:00+00:00,True,True,True,1,False,26,26,26
pl,8456,10261,Manchester City,Newcastle United,MCI,NEW,2027-02-20T15:00:00Z,2027-02-20,2027-02-20 15:00:00+00:00,True,True,True,1,False,26,26,26
pl,8650,8667,Liverpool,Hull City,LIV,HUL,2027-02-20T15:00:00Z,2027-02-20,2027-02-20 15:00:00+00:00,True,True,True,1,False,26,26,26
pl,10204,8586,Brighton and Hove Albion,Tottenham Hotspur,BHA,TOT,2027-02-20T15:00:00Z,2027-02-20,2027-02-20 15:00:00+00:00,True,True,True,1,False,26,26,26
pl,8455,9902,Chelsea,Ipswich Town,CHE,IPS,2027-02-20T15:00:00Z,2027-02-20,2027-02-20 15:00:00+00:00,True,True,True,1,False,26,26,26
pl,9937,8669,Brentford,Coventry City,BRE,COV,2027-02-20T15:00:00Z,2027-02-20,2027-02-20 15:00:00+00:00,True,True,True,1,False,26,26,26
pl,9825,9879,Arsenal,Fulham,ARS,FUL,2027-02-20T15:00:00Z,2027-02-20,2027-02-20 15:00:00+00:00,True,True,True,1,False,26,26,26
pl,8678,9826,Bournemouth,Crystal Palace,BOU,CRY,2027-02-20T15:00:00Z,2027-02-20,2027-02-20 15:00:00+00:00,True,True,True,1,False,26,26,26
pl,8463,10252,Leeds United,Aston Villa,LEE,AVL,2027-02-20T15:00:00Z,2027-02-20,2027-02-20 15:00:00+00:00,True,True,True,1,False,26,26,26
pl,10252,8455,Aston Villa,Chelsea,AVL,CHE,2027-02-27T15:00:00Z,2027-02-27,2027-02-27 15:00:00+00:00,True,True,True,1,False,27,27,27
pl,8669,8678,Coventry City,Bournemouth,COV,BOU,2027-02-27T15:00:00Z,2027-02-27,2027-02-27 15:00:00+00:00,True,True,True,1,False,27,27,27
pl,9826,8472,Crystal Palace,Sunderland,CRY,SUN,2027-02-27T15:00:00Z,2027-02-27,2027-02-27 15:00:00+00:00,True,True,True,1,False,27,27,27
pl,8668,10203,Everton,Nottingham Forest,EVE,NFO,2027-02-27T15:00:00Z,2027-02-27,2027-02-27 15:00:00+00:00,True,True,True,1,False,27,27,27
pl,9879,8463,Fulham,Leeds United,FUL,LEE,2027-02-27T15:00:00Z,2027-02-27,2027-02-27 15:00:00+00:00,True,True,True,1,False,27,27,27
pl,8667,8456,Hull City,Manchester City,HUL,MCI,2027-02-27T15:00:00Z,2027-02-27,2027-02-27 15:00:00+00:00,True,True,True,1,False,27,27,27
pl,9902,10204,Ipswich Town,Brighton and Hove Albion,IPS,BHA,2027-02-27T15:00:00Z,2027-02-27,2027-02-27 15:00:00+00:00,True,True,True,1,False,27,27,27
pl,10260,9825,Manchester United,Arsenal,MUN,ARS,2027-02-27T15:00:00Z,2027-02-27,2027-02-27 15:00:00+00:00,True,True,True,1,False,27,27,27
pl,10261,9937,Newcastle United,Brentford,NEW,BRE,2027-02-27T15:00:00Z,2027-02-27,2027-02-27 15:00:00+00:00,True,True,True,1,False,27,27,27
pl,8586,8650,Tottenham Hotspur,Liverpool,TOT,LIV,2027-02-27T15:00:00Z,2027-02-27,2027-02-27 15:00:00+00:00,True,True,True,1,False,27,27,27
pl,9825,9826,Arsenal,Crystal Palace,ARS,CRY,2027-03-03T20:00:00Z,2027-03-03,2027-03-03 20:00:00+00:00,True,True,True,1,False,28,28,28
pl,8678,8586,Bournemouth,Tottenham Hotspur,BOU,TOT,2027-03-03T20:00:00Z,2027-03-03,2027-03-03 20:00:00+00:00,True,True,True,1,False,28,28,28
pl,9937,9902,Brentford,Ipswich Town,BRE,IPS,2027-03-03T20:00:00Z,2027-03-03,2027-03-03 20:00:00+00:00,True,True,True,1,False,28,28,28
pl,10204,9879,Brighton and Hove Albion,Fulham,BHA,FUL,2027-03-03T20:00:00Z,2027-03-03,2027-03-03 20:00:00+00:00,True,True,True,1,False,28,28,28
pl,8455,8669,Chelsea,Coventry City,CHE,COV,2027-03-03T20:00:00Z,2027-03-03,2027-03-03 20:00:00+00:00,True,True,True,1,False,28,28,28
pl,8463,8667,Leeds United,Hull City,LEE,HUL,2027-03-03T20:00:00Z,2027-03-03,2027-03-03 20:00:00+00:00,True,True,True,1,False,28,28,28
pl,8650,10252,Liverpool,Aston Villa,LIV,AVL,2027-03-03T20:00:00Z,2027-03-03,2027-03-03 20:00:00+00:00,True,True,True,1,False,28,28,28
pl,8456,8668,Manchester City,Everton,MCI,EVE,2027-03-03T20:00:00Z,2027-03-03,2027-03-03 20:00:00+00:00,True,True,True,1,False,28,28,28
pl,10203,10261,Nottingham Forest,Newcastle United,NFO,NEW,2027-03-03T20:00:00Z,2027-03-03,2027-03-03 20:00:00+00:00,True,True,True,1,False,28,28,28
pl,8472,10260,Sunderland,Manchester United,SUN,MUN,2027-03-03T20:00:00Z,2027-03-03,2027-03-03 20:00:00+00:00,True,True,True,1,False,28,28,28
pl,8650,9902,Liverpool,Ipswich Town,LIV,IPS,2027-03-13T15:00:00Z,2027-03-13,2027-03-13 15:00:00+00:00,True,True,True,1,False,29,29,29
pl,8586,10203,Tottenham Hotspur,Nottingham Forest,TOT,NFO,2027-03-13T15:00:00Z,2027-03-13,2027-03-13 15:00:00+00:00,True,True,True,1,False,29,29,29
pl,8472,9937,Sunderland,Brentford,SUN,BRE,2027-03-13T15:00:00Z,2027-03-13,2027-03-13 15:00:00+00:00,True,True,True,1,False,29,29,29
pl,10260,8668,Manchester United,Everton,MUN,EVE,2027-03-13T15:00:00Z,2027-03-13,2027-03-13 15:00:00+00:00,True,True,True,1,False,29,29,29
pl,8463,10204,Leeds United,Brighton and Hove Albion,LEE,BHA,2027-03-13T15:00:00Z,2027-03-13,2027-03-13 15:00:00+00:00,True,True,True,1,False,29,29,29
pl,9826,9879,Crystal Palace,Fulham,CRY,FUL,2027-03-13T15:00:00Z,2027-03-13,2027-03-13 15:00:00+00:00,True,True,True,1,False,29,29,29
pl,8669,8456,Coventry City,Manchester City,COV,MCI,2027-03-13T15:00:00Z,2027-03-13,2027-03-13 15:00:00+00:00,True,True,True,1,False,29,29,29
pl,8455,9825,Chelsea,Arsenal,CHE,ARS,2027-03-13T15:00:00Z,2027-03-13,2027-03-13 15:00:00+00:00,True,True,True,1,False,29,29,29
pl,10252,8667,Aston Villa,Hull City,AVL,HUL,2027-03-13T15:00:00Z,2027-03-13,2027-03-13 15:00:00+00:00,True,True,True,1,False,29,29,29
pl,8678,10261,Bournemouth,Newcastle United,BOU,NEW,2027-03-13T15:00:00Z,2027-03-13,2027-03-13 15:00:00+00:00,True,True,True,1,False,29,29,29
pl,9825,8472,Arsenal,Sunderland,ARS,SUN,2027-03-20T15:00:00Z,2027-03-20,2027-03-20 15:00:00+00:00,True,True,True,1,False,30,30,30
pl,9937,8678,Brentford,Bournemouth,BRE,BOU,2027-03-20T15:00:00Z,2027-03-20,2027-03-20 15:00:00+00:00,True,True,True,1,False,30,30,30
pl,10204,8669,Brighton and Hove Albion,Coventry City,BHA,COV,2027-03-20T15:00:00Z,2027-03-20,2027-03-20 15:00:00+00:00,True,True,True,1,False,30,30,30
pl,8668,8586,Everton,Tottenham Hotspur,EVE,TOT,2027-03-20T15:00:00Z,2027-03-20,2027-03-20 15:00:00+00:00,True,True,True,1,False,30,30,30
pl,9879,8650,Fulham,Liverpool,FUL,LIV,2027-03-20T15:00:00Z,2027-03-20,2027-03-20 15:00:00+00:00,True,True,True,1,False,30,30,30
pl,8667,8455,Hull City,Chelsea,HUL,CHE,2027-03-20T15:00:00Z,2027-03-20,2027-03-20 15:00:00+00:00,True,True,True,1,False,30,30,30
pl,9902,9826,Ipswich Town,Crystal Palace,IPS,CRY,2027-03-20T15:00:00Z,2027-03-20,2027-03-20 15:00:00+00:00,True,True,True,1,False,30,30,30
pl,8456,10260,Manchester City,Manchester United,MCI,MUN,2027-03-20T15:00:00Z,2027-03-20,2027-03-20 15:00:00+00:00,True,True,True,1,False,30,30,30
pl,10261,8463,Newcastle United,Leeds United,NEW,LEE,2027-03-20T15:00:00Z,2027-03-20,2027-03-20 15:00:00+00:00,True,True,True,1,False,30,30,30
pl,10203,10252,Nottingham Forest,Aston Villa,NFO,AVL,2027-03-20T15:00:00Z,2027-03-20,2027-03-20 15:00:00+00:00,True,True,True,1,False,30,30,30
pl,10260,8667,Manchester United,Hull City,MUN,HUL,2027-04-10T15:00:00Z,2027-04-10,2027-04-10 15:00:00+00:00,True,True,True,1,False,31,31,31
pl,9826,8668,Crystal Palace,Everton,CRY,EVE,2027-04-10T15:00:00Z,2027-04-10,2027-04-10 15:00:00+00:00,True,True,True,1,False,31,31,31
pl,8650,10261,Liverpool,Newcastle United,LIV,NEW,2027-04-10T15:00:00Z,2027-04-10,2027-04-10 15:00:00+00:00,True,True,True,1,False,31,31,31
pl,8472,9902,Sunderland,Ipswich Town,SUN,IPS,2027-04-10T15:00:00Z,2027-04-10,2027-04-10 15:00:00+00:00,True,True,True,1,False,31,31,31
pl,8463,10203,Leeds United,Nottingham Forest,LEE,NFO,2027-04-10T15:00:00Z,2027-04-10,2027-04-10 15:00:00+00:00,True,True,True,1,False,31,31,31
pl,8586,9937,Tottenham Hotspur,Brentford,TOT,BRE,2027-04-10T15:00:00Z,2027-04-10,2027-04-10 15:00:00+00:00,True,True,True,1,False,31,31,31
pl,8669,9825,Coventry City,Arsenal,COV,ARS,2027-04-10T15:00:00Z,2027-04-10,2027-04-10 15:00:00+00:00,True,True,True,1,False,31,31,31
pl,8455,9879,Chelsea,Fulham,CHE,FUL,2027-04-10T15:00:00Z,2027-04-10,2027-04-10 15:00:00+00:00,True,True,True,1,False,31,31,31
pl,10252,10204,Aston Villa,Brighton and Hove Albion,AVL,BHA,2027-04-10T15:00:00Z,2027-04-10,2027-04-10 15:00:00+00:00,True,True,True,1,False,31,31,31
pl,8678,8456,Bournemouth,Manchester City,BOU,MCI,2027-04-10T15:00:00Z,2027-04-10,2027-04-10 15:00:00+00:00,True,True,True,1,False,31,31,31
pl,10203,8650,Nottingham Forest,Liverpool,NFO,LIV,2027-04-17T15:00:00Z,2027-04-17,2027-04-17 15:00:00+00:00,True,True,True,1,False,32,32,32
pl,10261,8586,Newcastle United,Tottenham Hotspur,NEW,TOT,2027-04-17T15:00:00Z,2027-04-17,2027-04-17 15:00:00+00:00,True,True,True,1,False,32,32,32
pl,8456,9826,Manchester City,Crystal Palace,MCI,CRY,2027-04-17T15:00:00Z,2027-04-17,2027-04-17 15:00:00+00:00,True,True,True,1,False,32,32,32
pl,9825,10252,Arsenal,Aston Villa,ARS,AVL,2027-04-17T15:00:00Z,2027-04-17,2027-04-17 15:00:00+00:00,True,True,True,1,False,32,32,32
pl,9902,10260,Ipswich Town,Manchester United,IPS,MUN,2027-04-17T15:00:00Z,2027-04-17,2027-04-17 15:00:00+00:00,True,True,True,1,False,32,32,32
pl,9879,8472,Fulham,Sunderland,FUL,SUN,2027-04-17T15:00:00Z,2027-04-17,2027-04-17 15:00:00+00:00,True,True,True,1,False,32,32,32
pl,8668,8678,Everton,Bournemouth,EVE,BOU,2027-04-17T15:00:00Z,2027-04-17,2027-04-17 15:00:00+00:00,True,True,True,1,False,32,32,32
pl,10204,8455,Brighton and Hove Albion,Chelsea,BHA,CHE,2027-04-17T15:00:00Z,2027-04-17,2027-04-17 15:00:00+00:00,True,True,True,1,False,32,32,32
pl,9937,8463,Brentford,Leeds United,BRE,LEE,2027-04-17T15:00:00Z,2027-04-17,2027-04-17 15:00:00+00:00,True,True,True,1,False,32,32,32
pl,8667,8669,Hull City,Coventry City,HUL,COV,2027-04-17T15:00:00Z,2027-04-17,2027-04-17 15:00:00+00:00,True,True,True,1,False,32,32,32
pl,8678,9825,Bournemouth,Arsenal,BOU,ARS,2027-04-24T15:00:00Z,2027-04-24,2027-04-24 15:00:00+00:00,True,True,True,1,False,33,33,33
pl,10252,8669,Aston Villa,Coventry City,AVL,COV,2027-04-24T15:00:00Z,2027-04-24,2027-04-24 15:00:00+00:00,True,True,True,1,False,33,33,33
pl,9937,9879,Brentford,Fulham,BRE,FUL,2027-04-24T15:00:00Z,2027-04-24,2027-04-24 15:00:00+00:00,True,True,True,1,False,33,33,33
pl,8668,10204,Everton,Brighton and Hove Albion,EVE,BHA,2027-04-24T15:00:00Z,2027-04-24,2027-04-24 15:00:00+00:00,True,True,True,1,False,33,33,33
pl,10260,9826,Manchester United,Crystal Palace,MUN,CRY,2027-04-24T15:00:00Z,2027-04-24,2027-04-24 15:00:00+00:00,True,True,True,1,False,33,33,33
pl,10261,9902,Newcastle United,Ipswich Town,NEW,IPS,2027-04-24T15:00:00Z,2027-04-24,2027-04-24 15:00:00+00:00,True,True,True,1,False,33,33,33
pl,10203,8472,Nottingham Forest,Sunderland,NFO,SUN,2027-04-24T15:00:00Z,2027-04-24,2027-04-24 15:00:00+00:00,True,True,True,1,False,33,33,33
pl,8586,8667,Tottenham Hotspur,Hull City,TOT,HUL,2027-04-24T15:00:00Z,2027-04-24,2027-04-24 15:00:00+00:00,True,True,True,1,False,33,33,33
pl,8463,8650,Leeds United,Liverpool,LEE,LIV,2027-04-24T15:00:00Z,2027-04-24,2027-04-24 15:00:00+00:00,True,True,True,1,False,33,33,33
pl,8455,8456,Chelsea,Manchester City,CHE,MCI,2027-04-24T15:00:00Z,2027-04-24,2027-04-24 15:00:00+00:00,True,True,True,1,False,33,33,33
pl,9825,8586,Arsenal,Tottenham Hotspur,ARS,TOT,2027-05-01T15:00:00Z,2027-05-01,2027-05-01 15:00:00+00:00,True,True,True,1,False,34,34,34
pl,10204,10203,Brighton and Hove Albion,Nottingham Forest,BHA,NFO,2027-05-01T15:00:00Z,2027-05-01,2027-05-01 15:00:00+00:00,True,True,True,1,False,34,34,34
pl,8669,10260,Coventry City,Manchester United,COV,MUN,2027-05-01T15:00:00Z,2027-05-01,2027-05-01 15:00:00+00:00,True,True,True,1,False,34,34,34
pl,9826,10252,Crystal Palace,Aston Villa,CRY,AVL,2027-05-01T15:00:00Z,2027-05-01,2027-05-01 15:00:00+00:00,True,True,True,1,False,34,34,34
pl,9879,8668,Fulham,Everton,FUL,EVE,2027-05-01T15:00:00Z,2027-05-01,2027-05-01 15:00:00+00:00,True,True,True,1,False,34,34,34
pl,8667,8678,Hull City,Bournemouth,HUL,BOU,2027-05-01T15:00:00Z,2027-05-01,2027-05-01 15:00:00+00:00,True,True,True,1,False,34,34,34
pl,9902,8463,Ipswich Town,Leeds United,IPS,LEE,2027-05-01T15:00:00Z,2027-05-01,2027-05-01 15:00:00+00:00,True,True,True,1,False,34,34,34
pl,8650,8455,Liverpool,Chelsea,LIV,CHE,2027-05-01T15:00:00Z,2027-05-01,2027-05-01 15:00:00+00:00,True,True,True,1,False,34,34,34
pl,8456,9937,Manchester City,Brentford,MCI,BRE,2027-05-01T15:00:00Z,2027-05-01,2027-05-01 15:00:00+00:00,True,True,True,1,False,34,34,34
pl,8472,10261,Sunderland,Newcastle United,SUN,NEW,2027-05-01T15:00:00Z,2027-05-01,2027-05-01 15:00:00+00:00,True,True,True,1,False,34,34,34
pl,8586,8455,Tottenham Hotspur,Chelsea,TOT,CHE,2027-05-08T15:00:00Z,2027-05-08,2027-05-08 15:00:00+00:00,True,True,True,1,False,35,35,35
pl,8678,10260,Bournemouth,Manchester United,BOU,MUN,2027-05-08T15:00:00Z,2027-05-08,2027-05-08 15:00:00+00:00,True,True,True,1,False,35,35,35
pl,9937,10252,Brentford,Aston Villa,BRE,AVL,2027-05-08T15:00:00Z,2027-05-08,2027-05-08 15:00:00+00:00,True,True,True,1,False,35,35,35
pl,10204,8472,Brighton and Hove Albion,Sunderland,BHA,SUN,2027-05-08T15:00:00Z,2027-05-08,2027-05-08 15:00:00+00:00,True,True,True,1,False,35,35,35
pl,8668,8667,Everton,Hull City,EVE,HUL,2027-05-08T15:00:00Z,2027-05-08,2027-05-08 15:00:00+00:00,True,True,True,1,False,35,35,35
pl,9879,9902,Fulham,Ipswich Town,FUL,IPS,2027-05-08T15:00:00Z,2027-05-08,2027-05-08 15:00:00+00:00,True,True,True,1,False,35,35,35
pl,8463,9825,Leeds United,Arsenal,LEE,ARS,2027-05-08T15:00:00Z,2027-05-08,2027-05-08 15:00:00+00:00,True,True,True,1,False,35,35,35
pl,8456,8650,Manchester City,Liverpool,MCI,LIV,2027-05-08T15:00:00Z,2027-05-08,2027-05-08 15:00:00+00:00,True,True,True,1,False,35,35,35
pl,10261,8669,Newcastle United,Coventry City,NEW,COV,2027-05-08T15:00:00Z,2027-05-08,2027-05-08 15:00:00+00:00,True,True,True,1,False,35,35,35
pl,10203,9826,Nottingham Forest,Crystal Palace,NFO,CRY,2027-05-08T15:00:00Z,2027-05-08,2027-05-08 15:00:00+00:00,True,True,True,1,False,35,35,35
pl,8472,8678,Sunderland,Bournemouth,SUN,BOU,2027-05-15T15:00:00Z,2027-05-15,2027-05-15 15:00:00+00:00,True,True,True,1,False,36,36,36
pl,10260,8463,Manchester United,Leeds United,MUN,LEE,2027-05-15T15:00:00Z,2027-05-15,2027-05-15 15:00:00+00:00,True,True,True,1,False,36,36,36
pl,8650,9937,Liverpool,Brentford,LIV,BRE,2027-05-15T15:00:00Z,2027-05-15,2027-05-15 15:00:00+00:00,True,True,True,1,False,36,36,36
pl,9902,8456,Ipswich Town,Manchester City,IPS,MCI,2027-05-15T15:00:00Z,2027-05-15,2027-05-15 15:00:00+00:00,True,True,True,1,False,36,36,36
pl,8667,9879,Hull City,Fulham,HUL,FUL,2027-05-15T15:00:00Z,2027-05-15,2027-05-15 15:00:00+00:00,True,True,True,1,False,36,36,36
pl,8455,8668,Chelsea,Everton,CHE,EVE,2027-05-15T15:00:00Z,2027-05-15,2027-05-15 15:00:00+00:00,True,True,True,1,False,36,36,36
pl,8669,8586,Coventry City,Tottenham Hotspur,COV,TOT,2027-05-15T15:00:00Z,2027-05-15,2027-05-15 15:00:00+00:00,True,True,True,1,False,36,36,36
pl,10252,10261,Aston Villa,Newcastle United,AVL,NEW,2027-05-15T15:00:00Z,2027-05-15,2027-05-15 15:00:00+00:00,True,True,True,1,False,36,36,36
pl,9825,10203,Arsenal,Nottingham Forest,ARS,NFO,2027-05-15T15:00:00Z,2027-05-15,2027-05-15 15:00:00+00:00,True,True,True,1,False,36,36,36
pl,9826,10204,Crystal Palace,Brighton and Hove Albion,CRY,BHA,2027-05-15T15:00:00Z,2027-05-15,2027-05-15 15:00:00+00:00,True,True,True,1,False,36,36,36
pl,8456,10252,Manchester City,Aston Villa,MCI,AVL,2027-05-23T15:00:00Z,2027-05-23,2027-05-23 15:00:00+00:00,True,True,True,1,False,37,37,37
pl,8586,10260,Tottenham Hotspur,Manchester United,TOT,MUN,2027-05-23T15:00:00Z,2027-05-23,2027-05-23 15:00:00+00:00,True,True,True,1,False,37,37,37
pl,10203,9902,Nottingham Forest,Ipswich Town,NFO,IPS,2027-05-23T15:00:00Z,2027-05-23,2027-05-23 15:00:00+00:00,True,True,True,1,False,37,37,37
pl,10261,9826,Newcastle United,Crystal Palace,NEW,CRY,2027-05-23T15:00:00Z,2027-05-23,2027-05-23 15:00:00+00:00,True,True,True,1,False,37,37,37
pl,8463,8472,Leeds United,Sunderland,LEE,SUN,2027-05-23T15:00:00Z,2027-05-23,2027-05-23 15:00:00+00:00,True,True,True,1,False,37,37,37
pl,8678,8455,Bournemouth,Chelsea,BOU,CHE,2027-05-23T15:00:00Z,2027-05-23,2027-05-23 15:00:00+00:00,True,True,True,1,False,37,37,37
pl,8668,9825,Everton,Arsenal,EVE,ARS,2027-05-23T15:00:00Z,2027-05-23,2027-05-23 15:00:00+00:00,True,True,True,1,False,37,37,37
pl,10204,8650,Brighton and Hove Albion,Liverpool,BHA,LIV,2027-05-23T15:00:00Z,2027-05-23,2027-05-23 15:00:00+00:00,True,True,True,1,False,37,37,37
pl,9937,8667,Brentford,Hull City,BRE,HUL,2027-05-23T15:00:00Z,2027-05-23,2027-05-23 15:00:00+00:00,True,True,True,1,False,37,37,37
pl,9879,8669,Fulham,Coventry City,FUL,COV,2027-05-23T15:00:00Z,2027-05-23,2027-05-23 15:00:00+00:00,True,True,True,1,False,37,37,37
pl,8472,8456,Sunderland,Manchester City,SUN,MCI,2027-05-30T16:00:00Z,2027-05-30,2027-05-30 16:00:00+00:00,True,True,True,1,False,38,38,38
pl,9825,10204,Arsenal,Brighton and Hove Albion,ARS,BHA,2027-05-30T16:00:00Z,2027-05-30,2027-05-30 16:00:00+00:00,True,True,True,1,False,38,38,38
pl,10252,8586,Aston Villa,Tottenham Hotspur,AVL,TOT,2027-05-30T16:00:00Z,2027-05-30,2027-05-30 16:00:00+00:00,True,True,True,1,False,38,38,38
pl,8455,9937,Chelsea,Brentford,CHE,BRE,2027-05-30T16:00:00Z,2027-05-30,2027-05-30 16:00:00+00:00,True,True,True,1,False,38,38,38
pl,8669,10203,Coventry City,Nottingham Forest,COV,NFO,2027-05-30T16:00:00Z,2027-05-30,2027-05-30 16:00:00+00:00,True,True,True,1,False,38,38,38
pl,9826,8463,Crystal Palace,Leeds United,CRY,LEE,2027-05-30T16:00:00Z,2027-05-30,2027-05-30 16:00:00+00:00,True,True,True,1,False,38,38,38
pl,8667,10261,Hull City,Newcastle United,HUL,NEW,2027-05-30T16:00:00Z,2027-05-30,2027-05-30 16:00:00+00:00,True,True,True,1,False,38,38,38
pl,9902,8668,Ipswich Town,Everton,IPS,EVE,2027-05-30T16:00:00Z,2027-05-30,2027-05-30 16:00:00+00:00,True,True,True,1,False,38,38,38
pl,8650,8678,Liverpool,Bournemouth,LIV,BOU,2027-05-30T16:00:00Z,2027-05-30,2027-05-30 16:00:00+00:00,True,True,True,1,False,38,38,38
pl,10260,9879,Manchester United,Fulham,MUN,FUL,2027-05-30T16:00:00Z,2027-05-30,2027-05-30 16:00:00+00:00,True,True,True,1,False,38,38,38
